Year,Program,Type,State,Total_institutions,New_institutions,Closed_institutions,Intake,Girls_enrollment,Boys_enrolment,Faculties,Passed,Placement,Enrollment,Placement_Rate_Percentage,Pass_ Rate_Percentage,Student to Faculty Ratio,Girls_Enrollment_Percentage,Boys_Enrollment_Percentage
2013-01-01,Engineering,Private,All,3145.0,112.0,9.0,984828.5,216158.0,347735.5,121497.0,419772.0,249544.0,535279.0,46.61942650468261,78.42115980638134,4.405697260014651,40.38230530246843,64.96341160404201
2014-01-01,Engineering,Private,All,3148.0,45.0,16.0,984828.5,216158.0,347735.5,121497.0,419772.0,264793.5,535279.0,49.46831465460069,78.42115980638134,4.405697260014651,40.38230530246843,64.96341160404201
2015-01-01,Engineering,Private,All,3161.0,41.0,15.0,984828.5,216158.0,347735.5,121497.0,419772.0,264793.5,535279.0,49.46831465460069,78.42115980638134,4.405697260014651,40.38230530246843,64.96341160404201
2016-01-01,Engineering,Private,All,3061.0,22.0,40.0,984828.5,212248.0,347735.5,121497.0,419772.0,264793.5,535279.0,49.46831465460069,78.42115980638134,4.405697260014651,39.651845112548784,64.96341160404201
2017-01-01,Engineering,Private,All,2972.0,10.0,55.0,984828.5,201961.0,347735.5,121497.0,419772.0,264793.5,535279.0,49.46831465460069,78.42115980638134,4.405697260014651,37.73004358474739,64.96341160404201
2018-01-01,Engineering,Private,All,2889.0,20.0,45.0,984828.5,194000.0,347735.5,121497.0,419772.0,264793.5,535279.0,49.46831465460069,78.42115980638134,4.405697260014651,36.24278180163989,64.96341160404201
2019-01-01,Engineering,Private,All,2768.0,65.0,26.0,984828.5,186621.0,347735.5,121497.0,419772.0,264793.5,535279.0,49.46831465460069,78.42115980638134,4.405697260014651,34.864248363937314,64.96341160404201
2020-01-01,Engineering,Private,All,2653.0,27.0,33.0,984828.5,189070.0,347735.5,121497.0,419772.0,264793.5,535279.0,49.46831465460069,78.42115980638134,4.405697260014651,35.32176677956729,64.96341160404201
2021-01-01,Engineering,Private,All,2565.0,10.0,14.0,984828.5,184027.0,347735.5,121497.0,419772.0,264793.5,535279.0,49.46831465460069,78.42115980638134,4.405697260014651,34.37964127118755,64.96341160404201
2013-01-01,Engineering,Government,All,218.0,2.0,0.0,83109.0,25093.0,51417.0,13517.0,61022.0,23299.0,76510.0,30.452228466867076,79.7568945235917,5.660279647850855,32.79701999738596,67.20298000261403
2014-01-01,Engineering,Government,All,235.0,6.0,0.0,91434.0,23209.0,56319.0,17055.0,67855.0,25217.0,79528.0,31.70832914193743,85.3221506890655,4.66303136909997,29.18343225027663,70.81656774972338
2015-01-01,Engineering,Government,All,239.0,5.0,0.0,94090.0,23065.0,58629.0,19678.0,70832.0,29221.0,81694.0,35.768844713198035,86.70404191250275,4.151539790629129,28.233407594192965,71.76659240580705
2016-01-01,Engineering,Government,All,302.0,13.0,0.0,111099.0,26099.0,66496.0,18960.0,82738.0,35221.0,92595.0,38.037691020033485,89.35471677736379,4.88370253164557,28.186187159133862,71.81381284086615
2017-01-01,Engineering,Government,All,321.0,20.0,1.0,113670.0,26204.0,68833.0,18822.0,85997.0,30050.0,95037.0,31.619264076096677,90.48791523301452,5.049250876633726,27.572419163062804,72.42758083693718
2018-01-01,Engineering,Government,All,335.0,14.0,1.0,118816.0,25772.0,68790.0,20671.0,89161.0,30430.0,94562.0,32.17994543262621,94.28840337556312,4.574621450341057,27.25407669042533,72.74592330957466
2019-01-01,Engineering,Government,All,356.0,19.0,0.0,125048.0,25699.0,69591.0,21651.0,88278.0,33982.0,95290.0,35.66166439290587,92.64141043131492,4.401182393422936,26.969251757792,73.030748242208
2020-01-01,Engineering,Government,All,397.0,53.0,1.0,135139.0,28096.0,78594.0,45909.0,76084.0,35078.0,106690.0,32.878432842815634,71.31315024838317,2.323945195931081,26.3342393851345,73.66576061486549
2021-01-01,Engineering,Government,All,414.0,19.0,2.0,139072.0,26722.0,72030.0,51731.0,90956.0,28346.0,98752.0,28.704228775113418,92.10547634478289,1.9089520790241827,27.059705119896304,72.94029488010369
2013-01-01,Management,Private,All,3699.0,91.0,43.0,430176.0,86788.0,141588.0,38660.0,172781.0,92213.0,228376.0,40.377710442428274,75.65637369951308,5.907294361096741,38.0022419168389,61.9977580831611
2014-01-01,Management,Private,All,3569.0,17.0,62.0,436884.0,76926.0,149427.0,50057.0,179347.0,100006.0,226353.0,44.181433424783414,79.23332140506201,4.521905028267775,33.9849703781262,66.0150296218738
2015-01-01,Management,Private,All,3415.0,40.0,42.0,440577.0,84501.0,155974.0,58455.0,179982.0,101235.0,240475.0,42.097931177877115,74.84437051668571,4.113848259344795,35.139203659424055,64.86079634057594
2016-01-01,Management,Private,All,3228.0,19.0,67.0,413905.0,88517.0,151093.0,56709.0,177759.0,97118.0,239610.0,40.531697341513286,74.18680355577814,4.22525525048934,36.94211426902049,63.057885730979514
2017-01-01,Management,Private,All,3115.0,33.0,78.0,394384.0,87505.0,136185.0,54780.0,175506.0,101875.0,223690.0,45.54293888864053,78.45947516652511,4.0834246075209935,39.11886986454468,60.88113013545532
2018-01-01,Management,Private,All,3014.0,34.0,47.0,374966.0,91265.0,135403.0,53980.0,170078.0,100938.0,226668.0,44.53120863994918,75.03397038840947,4.199110781771027,40.263733742742694,59.736266257257306
2019-01-01,Management,Private,All,2874.0,78.0,39.0,356116.0,94788.0,130307.0,44174.0,176144.0,110125.0,225095.0,48.92378773406784,78.25318198982652,5.095644496762802,42.110220129278744,57.88977987072125
2020-01-01,Management,Private,All,2831.0,70.0,33.0,355453.0,99401.0,133351.0,42204.0,139155.0,113712.0,232752.0,48.8554341101258,59.78681171375542,5.5149274950241685,42.7068295868564,57.2931704131436
2021-01-01,Management,Private,All,2875.0,87.0,16.0,367679.0,94537.0,133206.0,43337.0,163787.0,88678.0,227743.0,38.9377500076841,71.91746837443961,5.2551630246671435,41.51038670782417,58.48961329217583
2013-01-01,Management,Government,All,179.0,6.0,0.0,13951.0,4189.0,4785.0,1642.0,7268.0,3076.0,8974.0,34.27679964341431,80.98952529529753,5.465286236297199,46.6792957432583,53.3207042567417
2014-01-01,Management,Government,All,189.0,2.0,0.0,15212.0,3866.0,4911.0,1861.0,7333.0,3588.0,8777.0,40.8795716076108,83.54790930841973,4.716281569048898,44.04694086817819,55.9530591318218
2015-01-01,Management,Government,All,193.0,5.0,0.0,15670.0,3871.0,4680.0,1905.0,7006.0,3573.0,8551.0,41.7845865980587,81.93193778505437,4.488713910761155,45.269559115892875,54.730440884107125
2016-01-01,Management,Government,All,244.0,5.0,0.0,19183.0,5236.0,6137.0,1873.0,9435.0,4929.0,11373.0,43.33948826167238,82.95964125560538,6.072076882007474,46.038863976083704,53.96113602391629
2017-01-01,Management,Government,All,244.0,6.0,1.0,18752.0,5169.0,6485.0,1831.0,9946.0,4919.0,11654.0,42.20868371374635,85.34408786682684,6.364827962861824,44.3538699159087,55.6461300840913
2018-01-01,Management,Government,All,251.0,14.0,0.0,19877.0,5570.0,6694.0,1896.0,10159.0,5603.0,12264.0,45.68656229615134,82.83594259621657,6.468354430379747,45.41748206131768,54.582517938682315
2019-01-01,Management,Government,All,245.0,8.0,0.0,18208.0,5871.0,6516.0,1814.0,10081.0,5693.0,12387.0,45.95947364172116,81.38370872689109,6.828555678059537,47.39646403487527,52.60353596512473
2020-01-01,Management,Government,All,238.0,3.0,0.0,17883.0,5699.0,6779.0,1802.0,7731.0,5814.0,12478.0,46.59400544959128,61.957044398140724,6.9245283018867925,45.672383394774805,54.327616605225195
2021-01-01,Management,Government,All,237.0,13.0,0.0,19088.0,5418.0,6814.0,1981.0,9616.0,4636.0,12232.0,37.90058862001308,78.61347285807717,6.174659262998485,44.29365598430346,55.70634401569653
2013-01-01,Pharmacy,Private,All,989.0,11.0,3.0,81768.0,23518.0,28133.0,12831.0,33632.0,13309.0,51651.0,25.767168109039517,65.11393777468007,4.025485153144728,45.53251631139765,54.46748368860235
2014-01-01,Pharmacy,Private,All,981.0,3.0,6.0,83487.0,21563.0,28836.0,17117.0,32194.0,12991.0,50399.0,25.77630508541836,63.878251552610166,2.944382777355845,42.78457905910831,57.21542094089168
2015-01-01,Pharmacy,Private,All,969.0,10.0,5.0,85822.0,21752.0,30584.0,20906.0,33110.0,13778.0,52336.0,26.326047080403548,63.26429226536228,2.503396154214101,41.56221339040049,58.437786609599506
2016-01-01,Pharmacy,Private,All,952.0,15.0,10.0,82615.0,23863.0,31283.0,21556.0,34398.0,13862.0,55146.0,25.13690929532514,62.37623762376238,2.558266839858972,43.27240416349327,56.72759583650673
2017-01-01,Pharmacy,Private,All,959.0,19.0,6.0,80459.0,24962.0,33528.0,20137.0,37381.0,16750.0,58490.0,28.637373910070096,63.910070097452554,2.9046034662561455,42.677380748845955,57.32261925115404
2018-01-01,Pharmacy,Private,All,1003.0,50.0,4.0,82893.0,27843.0,36872.0,24104.0,39210.0,17866.0,64715.0,27.607200803523142,60.58873522367303,2.6848240955857947,43.024028432357255,56.97597156764274
2019-01-01,Pharmacy,Private,All,1138.0,113.0,3.0,90280.0,30009.0,43522.0,26123.0,34448.0,19954.0,73531.0,27.13685384395697,46.84826807740953,2.8147992190789726,40.81135847465694,59.18864152534306
2020-01-01,Pharmacy,Private,All,1523.0,113.0,3.0,119771.0,28650.0,43975.0,36216.0,21716.0,17350.0,72625.0,23.889845094664373,29.90154905335628,2.005329136293351,39.44922547332186,60.55077452667814
2021-01-01,Pharmacy,Private,All,929.0,13.0,1.0,76662.0,18151.0,25534.0,30076.0,37488.0,10583.0,43685.0,24.225706764335584,85.8143527526611,1.4524870328501132,41.54973102895731,58.450268971042696
2013-01-01,Pharmacy,Government,All,47.0,0.0,0.0,2793.0,1152.0,1138.0,494.0,1911.0,584.0,2290.0,25.502183406113538,83.44978165938865,4.635627530364372,50.3056768558952,49.6943231441048
2014-01-01,Pharmacy,Government,All,50.0,1.0,0.0,2967.0,1315.0,1088.0,646.0,1962.0,660.0,2403.0,27.465667915106117,81.64794007490637,3.719814241486068,54.72326258843113,45.276737411568874
2015-01-01,Pharmacy,Government,All,54.0,1.0,0.0,3177.0,1421.0,1157.0,649.0,2069.0,626.0,2578.0,24.282389449185416,80.25601241272304,3.9722650231124805,55.120248254460826,44.879751745539174
2016-01-01,Pharmacy,Government,All,74.0,2.0,0.0,4245.0,1796.0,1685.0,677.0,2811.0,991.0,3481.0,28.468830795748346,80.75265728239012,5.141802067946824,51.59436943407067,48.40563056592933
2017-01-01,Pharmacy,Government,All,76.0,1.0,0.0,4383.0,1776.0,1755.0,677.0,3055.0,841.0,3531.0,23.817615406400453,86.51939960351174,5.215657311669129,50.29736618521665,49.70263381478335
2018-01-01,Pharmacy,Government,All,77.0,1.0,0.0,4413.0,1892.0,1987.0,773.0,3356.0,1145.0,3879.0,29.517916988914667,86.51714359370972,5.018111254851229,48.77545759216293,51.22454240783707
2019-01-01,Pharmacy,Government,All,80.0,2.0,0.0,4561.0,2007.0,2001.0,837.0,3144.0,1082.0,4008.0,26.996007984031934,78.44311377245509,4.788530465949821,50.0748502994012,49.9251497005988
2020-01-01,Pharmacy,Government,All,86.0,7.0,0.0,4878.0,2332.0,2321.0,1219.0,2485.0,1289.0,4653.0,27.702557489791534,53.40640447023426,3.8170631665299424,50.11820330969267,49.881796690307326
2021-01-01,Pharmacy,Government,All,84.0,0.0,0.0,4989.0,2101.0,2119.0,1277.0,3212.0,726.0,4220.0,17.203791469194314,76.11374407582939,3.3046202036021928,49.78672985781991,50.2132701421801
2013-01-01,Engineering,All,All,3363.0,113.0,9.0,984828.5,216158.0,347735.5,121497.0,419772.0,264793.5,535279.0,49.46831465460069,78.42115980638134,4.405697260014651,40.38230530246843,64.96341160404201
2014-01-01,Engineering,All,All,3383.0,51.0,16.0,984828.5,216158.0,347735.5,121497.0,419772.0,264793.5,535279.0,49.46831465460069,78.42115980638134,4.405697260014651,40.38230530246843,64.96341160404201
2015-01-01,Engineering,All,All,3400.0,46.0,15.0,984828.5,216158.0,347735.5,121497.0,419772.0,264793.5,535279.0,49.46831465460069,78.42115980638134,4.405697260014651,40.38230530246843,64.96341160404201
2016-01-01,Engineering,All,All,3363.0,35.0,40.0,984828.5,216158.0,347735.5,121497.0,419772.0,264793.5,535279.0,49.46831465460069,78.42115980638134,4.405697260014651,40.38230530246843,64.96341160404201
2017-01-01,Engineering,All,All,3293.0,30.0,56.0,984828.5,216158.0,347735.5,121497.0,419772.0,264793.5,535279.0,49.46831465460069,78.42115980638134,4.405697260014651,40.38230530246843,64.96341160404201
2018-01-01,Engineering,All,All,3224.0,34.0,46.0,984828.5,216158.0,347735.5,121497.0,419772.0,264793.5,535279.0,49.46831465460069,78.42115980638134,4.405697260014651,40.38230530246843,64.96341160404201
2019-01-01,Engineering,All,All,3124.0,84.0,26.0,984828.5,212320.0,347735.5,121497.0,419772.0,264793.5,535279.0,49.46831465460069,78.42115980638134,4.405697260014651,39.66529604187723,64.96341160404201
2020-01-01,Engineering,All,All,3050.0,80.0,34.0,984828.5,216158.0,347735.5,121497.0,419772.0,264793.5,535279.0,49.46831465460069,78.42115980638134,4.405697260014651,40.38230530246843,64.96341160404201
2021-01-01,Engineering,All,All,2979.0,29.0,16.0,984828.5,210749.0,347735.5,121497.0,419772.0,264793.5,535279.0,49.46831465460069,78.42115980638134,4.405697260014651,39.3718042366691,64.96341160404201
2013-01-01,Management,All,All,3861.0,97.0,43.0,442922.0,90552.0,146227.0,38737.0,179615.0,95142.0,236779.0,40.181772876817625,75.85765629553296,6.112476443710148,38.24325636986388,61.75674363013612
2014-01-01,Management,All,All,3740.0,19.0,62.0,450866.0,80318.0,154106.0,49757.0,186156.0,103311.0,234424.0,44.07014640139235,79.40995802477562,4.711377293647125,34.26185032249258,65.73814967750742
2015-01-01,Management,All,All,3586.0,45.0,42.0,454917.0,87835.0,160479.0,57477.0,186498.0,104538.0,248314.0,42.099116441279996,75.10571292798633,4.320232440802408,35.37255249401967,64.62744750598033
2016-01-01,Management,All,All,3448.0,23.0,66.0,431608.0,93186.0,157040.0,55434.0,186686.0,101806.0,250226.0,40.685620199339795,74.60695531239759,4.513944510589169,37.24073437612398,62.75926562387602
2017-01-01,Management,All,All,3334.0,39.0,79.0,411826.0,92201.0,142503.0,53888.0,184970.0,106599.0,234704.0,45.41848455927466,78.80990524234781,4.3554038004750595,39.28394914445429,60.71605085554571
2018-01-01,Management,All,All,3233.0,47.0,47.0,393043.0,96267.0,141927.0,53605.0,179635.0,106315.0,238194.0,44.63378590560635,75.41541768474437,4.44350340453316,40.41537570215875,59.58462429784126
2019-01-01,Management,All,All,3084.0,86.0,39.0,372339.0,99943.0,136563.0,43555.0,185627.0,115572.0,236506.0,48.866413537077285,78.48722653970724,5.430053954769831,42.25812452961024,57.74187547038976
2020-01-01,Management,All,All,3036.0,73.0,33.0,371850.0,104414.0,139937.0,43116.0,146549.0,119315.0,244351.0,48.82934794619216,59.974790363043326,5.667292884312088,42.73115313626709,57.26884686373291
2021-01-01,Management,All,All,3084.0,100.0,16.0,385535.0,99401.0,139895.0,44552.0,172729.0,93172.0,239296.0,38.93587857715966,72.18215097619685,5.371161788471898,41.53893086386734,58.46106913613266
2013-01-01,Pharmacy,All,All,1036.0,11.0,3.0,84561.0,24670.0,29271.0,13325.0,35543.0,13893.0,53941.0,25.755918503550173,65.89236387905304,4.048105065666041,45.73515507684322,54.26484492315679
2014-01-01,Pharmacy,All,All,1031.0,4.0,6.0,86454.0,22878.0,29924.0,17763.0,34156.0,13651.0,52802.0,25.853187379265936,64.68694367637589,2.972583460001126,43.32790424605128,56.67209575394872
2015-01-01,Pharmacy,All,All,1023.0,11.0,5.0,88999.0,23173.0,31741.0,21555.0,35179.0,14404.0,54914.0,26.230105255490404,64.06198783552463,2.547622361401067,42.19871071129403,57.80128928870598
2016-01-01,Pharmacy,All,All,1026.0,17.0,10.0,86860.0,25659.0,32968.0,22233.0,37209.0,14853.0,58627.0,25.334743377624648,63.46734439763249,2.6369360859982907,43.76652395653879,56.23347604346121
2017-01-01,Pharmacy,All,All,1035.0,20.0,6.0,84842.0,26738.0,35283.0,20814.0,40436.0,17591.0,62021.0,28.362973831444187,65.1972718917786,2.9797732295570287,43.111204269521615,56.88879573047838
2018-01-01,Pharmacy,All,All,1080.0,51.0,4.0,87306.0,29735.0,38859.0,24877.0,42566.0,19011.0,68594.0,27.71525206286264,62.05499023238185,2.7573260441371548,43.34927253112517,56.65072746887483
2019-01-01,Pharmacy,All,All,1218.0,113.0,3.0,94841.0,32016.0,45523.0,26960.0,37592.0,21036.0,77539.0,27.1295735049459,48.48140935529218,2.8760756676557864,41.29018945304943,58.70981054695057
2020-01-01,Pharmacy,All,All,1609.0,113.0,3.0,124649.0,30982.0,46296.0,37435.0,24201.0,18639.0,77278.0,24.119413028287482,31.316804265120734,2.064324829704822,40.09161727787986,59.90838272212014
2021-01-01,Pharmacy,All,All,1013.0,13.0,1.0,81651.0,20252.0,27653.0,31353.0,30412.0,11309.0,47905.0,23.607139129527187,63.4839787078593,1.5279239626192072,42.27533660369481,57.72466339630519
2013-01-01,Pharmacy,Government,Andhra Pradesh,4.0,0.0,0.0,260.0,101.0,56.0,58.0,105.0,44.0,157.0,28.02547770700637,66.87898089171973,2.706896551724138,64.3312101910828,35.6687898089172
2014-01-01,Pharmacy,Government,Andhra Pradesh,5.0,1.0,0.0,320.0,166.0,85.0,91.0,176.0,42.0,251.0,16.733067729083665,70.1195219123506,2.758241758241758,66.13545816733067,33.86454183266932
2015-01-01,Pharmacy,Government,Andhra Pradesh,5.0,0.0,0.0,320.0,134.0,74.0,96.0,150.0,36.0,208.0,17.307692307692307,72.11538461538461,2.1666666666666665,64.42307692307693,35.57692307692308
2016-01-01,Pharmacy,Government,Andhra Pradesh,6.0,0.0,0.0,380.0,143.0,91.0,96.0,201.0,71.0,234.0,30.34188034188034,85.8974358974359,2.4375,61.111111111111114,38.88888888888889
2017-01-01,Pharmacy,Government,Andhra Pradesh,6.0,0.0,0.0,380.0,155.0,86.0,108.0,280.0,90.0,241.0,37.344398340248965,116.1825726141079,2.2314814814814814,64.31535269709543,35.684647302904565
2018-01-01,Pharmacy,Government,Andhra Pradesh,6.0,0.0,0.0,360.0,182.0,110.0,109.0,239.0,45.0,292.0,15.41095890410959,81.84931506849315,2.6788990825688073,62.328767123287676,37.67123287671233
2019-01-01,Pharmacy,Government,Andhra Pradesh,6.0,0.0,0.0,360.0,184.0,126.0,123.0,252.0,78.0,310.0,25.161290322580644,81.29032258064515,2.5203252032520327,59.354838709677416,40.64516129032258
2020-01-01,Pharmacy,Government,Andhra Pradesh,6.0,0.0,0.0,360.0,260.0,125.0,151.0,207.0,55.0,385.0,14.285714285714285,53.76623376623376,2.5496688741721854,67.53246753246754,32.467532467532465
2021-01-01,Pharmacy,Government,Andhra Pradesh,6.0,0.0,0.0,400.0,231.0,122.0,148.0,272.0,43.0,353.0,12.181303116147308,77.05382436260622,2.385135135135135,65.43909348441926,34.56090651558073
2013-01-01,Pharmacy,Private,Andhra Pradesh,118.0,1.0,0.0,11640.0,4135.0,3006.0,4269.0,4744.0,1538.0,7141.0,21.537599775941747,66.43327265088924,1.672757085968611,57.905055314381734,42.094944685618266
2014-01-01,Pharmacy,Private,Andhra Pradesh,116.0,1.0,0.0,12150.0,3846.0,2629.0,6181.0,4231.0,1476.0,6475.0,22.795366795366796,65.34362934362935,1.0475651189127972,59.3976833976834,40.6023166023166
2015-01-01,Pharmacy,Private,Andhra Pradesh,118.0,0.0,0.0,12990.0,3359.0,2169.0,7780.0,4732.0,1888.0,5528.0,34.1534008683068,85.60057887120117,0.7105398457583547,60.763386396526776,39.236613603473224
2016-01-01,Pharmacy,Private,Andhra Pradesh,117.0,0.0,0.0,12930.0,4345.0,2800.0,3102.0,5243.0,2258.0,7145.0,31.602519244226734,73.37998600419874,2.3033526756931013,60.81175647305809,39.18824352694192
2017-01-01,Pharmacy,Private,Andhra Pradesh,117.0,0.0,0.0,12290.0,4676.0,3110.0,4151.0,5710.0,2537.0,7786.0,32.58412535319805,73.33675828409967,1.875692604191761,60.05651168764449,39.943488312355505
2018-01-01,Pharmacy,Private,Andhra Pradesh,117.0,0.0,0.0,11950.0,5132.0,3085.0,3681.0,4770.0,2093.0,8217.0,25.471583302908602,58.050383351588174,2.2322738386308068,62.455884142631135,37.54411585736887
2019-01-01,Pharmacy,Private,Andhra Pradesh,114.0,3.0,0.0,10505.0,4449.0,2959.0,4271.0,4820.0,2748.0,7408.0,37.095032397408204,65.06479481641469,1.7344884102083822,60.05669546436285,39.94330453563715
2020-01-01,Pharmacy,Private,Andhra Pradesh,119.0,3.0,0.0,10829.0,4881.0,2927.0,4673.0,2900.0,2918.0,7808.0,37.3719262295082,37.14139344262295,1.6708752407447036,62.512807377049185,37.48719262295082
2021-01-01,Pharmacy,Private,Andhra Pradesh,103.0,0.0,0.0,9430.0,3163.0,1896.0,4104.0,3485.0,1689.0,5059.0,33.38604467286025,68.887131844238,1.232699805068226,62.52223759636292,37.47776240363708
2013-01-01,Engineering,Government,Andhra Pradesh,9.0,0.0,0.0,3470.0,1236.0,1416.0,1041.0,2794.0,1070.0,2652.0,40.346907993966816,105.35444947209653,2.547550432276657,46.60633484162896,53.39366515837104
2014-01-01,Engineering,Government,Andhra Pradesh,9.0,0.0,0.0,3470.0,1591.0,2029.0,840.0,2794.0,1070.0,3620.0,29.55801104972376,77.18232044198895,4.309523809523809,43.950276243093924,56.049723756906076
2015-01-01,Engineering,Government,Andhra Pradesh,10.0,1.0,0.0,3500.0,1331.0,1421.0,1142.0,2875.0,1135.0,2752.0,41.24273255813954,104.46947674418605,2.4098073555166373,48.36482558139535,51.63517441860465
2016-01-01,Engineering,Government,Andhra Pradesh,13.0,0.0,0.0,4340.0,1591.0,2029.0,840.0,3108.0,1470.0,3620.0,40.607734806629836,85.85635359116021,4.309523809523809,43.950276243093924,56.049723756906076
2017-01-01,Engineering,Government,Andhra Pradesh,12.0,0.0,0.0,3820.0,1438.0,1821.0,1055.0,3014.0,1007.0,3259.0,30.899048787971772,92.4823565510893,3.0890995260663505,44.12396440625959,55.87603559374041
2018-01-01,Engineering,Government,Andhra Pradesh,14.0,1.0,0.0,4540.0,1754.0,2162.0,910.0,3538.0,1201.0,3916.0,30.66905005107252,90.34729315628192,4.303296703296703,44.790602655771195,55.209397344228805
2019-01-01,Engineering,Government,Andhra Pradesh,14.0,0.0,0.0,4570.0,1643.0,2031.0,958.0,3272.0,1437.0,3674.0,39.11268372346217,89.05824714207947,3.835073068893528,44.71965160587915,55.28034839412085
2020-01-01,Engineering,Government,Andhra Pradesh,16.0,2.0,0.0,5020.0,1976.0,2329.0,1914.0,3261.0,1461.0,4305.0,33.937282229965156,75.74912891986062,2.249216300940439,45.90011614401858,54.09988385598141
2021-01-01,Engineering,Government,Andhra Pradesh,17.0,0.0,0.0,5422.0,1669.0,2111.0,2280.0,3586.0,1460.0,3780.0,38.62433862433862,94.86772486772487,1.6578947368421053,44.15343915343916,55.84656084656084
2013-01-01,Engineering,Private,Andhra Pradesh,349.0,2.0,5.0,121275.0,27160.5,53573.5,31945.0,57667.5,23104.0,77376.5,29.85919497521857,74.52844209805303,2.422178744717483,35.101742777199796,69.23742996904745
2014-01-01,Engineering,Private,Andhra Pradesh,335.0,1.0,7.0,121275.0,27160.5,53573.5,31945.0,57667.5,23807.5,77376.5,30.76838575019547,74.52844209805303,2.422178744717483,35.101742777199796,69.23742996904745
2015-01-01,Engineering,Private,Andhra Pradesh,334.0,0.0,4.0,121275.0,27160.5,53084.0,31945.0,57667.5,23807.5,77376.5,30.76838575019547,74.52844209805303,2.422178744717483,35.101742777199796,68.60480895362286
2016-01-01,Engineering,Private,Andhra Pradesh,325.0,1.0,5.0,121275.0,27160.5,53573.5,31945.0,57667.5,23807.5,77376.5,30.76838575019547,74.52844209805303,2.422178744717483,35.101742777199796,69.23742996904745
2017-01-01,Engineering,Private,Andhra Pradesh,317.0,1.0,2.0,121275.0,27160.5,51921.0,31945.0,57667.5,23807.5,77376.5,30.76838575019547,74.52844209805303,2.422178744717483,35.101742777199796,67.10176862484087
2018-01-01,Engineering,Private,Andhra Pradesh,307.0,0.0,3.0,121275.0,27160.5,50453.0,31945.0,57667.5,23807.5,77376.5,30.76838575019547,74.52844209805303,2.422178744717483,35.101742777199796,65.20455176959413
2019-01-01,Engineering,Private,Andhra Pradesh,291.0,2.0,1.0,121275.0,27160.5,50013.0,31945.0,57667.5,23807.5,77376.5,30.76838575019547,74.52844209805303,2.422178744717483,35.101742777199796,64.6359036658417
2020-01-01,Engineering,Private,Andhra Pradesh,289.0,1.0,0.0,121275.0,27160.5,53278.0,31945.0,56944.0,23807.5,77376.5,30.76838575019547,73.59340368199648,2.422178744717483,35.101742777199796,68.85553107209553
2021-01-01,Engineering,Private,Andhra Pradesh,278.0,0.0,0.0,121275.0,27160.5,53573.5,31945.0,57667.5,23807.5,77376.5,30.76838575019547,74.52844209805303,2.422178744717483,35.101742777199796,69.23742996904745
2013-01-01,Management,Private,Andhra Pradesh,414.0,3.0,7.5,44890.0,9506.0,15612.0,10463.0,20416.0,7289.0,25118.0,29.019030177561906,81.28035671629907,2.400649909203861,37.84536985428776,62.15463014571224
2014-01-01,Management,Private,Andhra Pradesh,394.0,2.0,7.5,45030.0,8958.0,19553.0,13244.0,21061.0,7870.0,28511.0,27.60338115113465,73.86973448844306,2.152748414376321,31.419452141278803,68.5805478587212
2015-01-01,Management,Private,Andhra Pradesh,393.0,3.0,3.0,51510.0,10303.0,22461.0,15255.0,23760.0,8784.0,32764.0,26.80991331949701,72.51861799536076,2.147754834480498,31.4460993773654,68.5539006226346
2016-01-01,Management,Private,Andhra Pradesh,382.0,2.0,6.0,50430.0,11482.0,23406.0,6596.0,24792.0,9279.0,34888.0,26.596537491401058,71.06168310020638,5.2892662219526985,32.911029580371476,67.08897041962852
2017-01-01,Management,Private,Andhra Pradesh,375.0,1.0,4.0,48900.0,10956.0,18784.0,9878.0,24783.0,9824.0,29740.0,33.0329522528581,83.33221250840619,3.0107309171897145,36.83927370544721,63.160726294552795
2018-01-01,Management,Private,Andhra Pradesh,360.0,0.0,5.0,46698.0,11727.0,20639.0,6655.0,22822.0,9681.0,32366.0,29.91101773465983,70.51226595810418,4.863410969196093,36.2324661682012,63.76753383179881
2019-01-01,Management,Private,Andhra Pradesh,344.0,3.0,1.0,45354.0,11011.0,17368.0,5438.0,23303.0,10107.0,28379.0,35.6143627330068,82.11353465590754,5.218646561235748,38.79981676591846,61.20018323408154
2020-01-01,Management,Private,Andhra Pradesh,344.0,4.0,3.0,45358.0,11673.0,16319.0,5236.0,15519.0,10565.0,27992.0,37.74292655044299,55.44084024006859,5.346065699006876,41.70120034295513,58.298799657044874
2021-01-01,Management,Private,Andhra Pradesh,333.0,1.0,0.0,43894.0,8825.0,11912.0,5303.0,18754.0,7287.0,20737.0,35.14008776582919,90.43738245647876,3.910428059588912,42.556782562569325,57.44321743743068
2013-01-01,Management,Government,Andhra Pradesh,3.0,0.0,0.0,180.0,64.0,45.0,65.0,68.0,25.0,109.0,22.93577981651376,62.38532110091744,1.676923076923077,58.71559633027523,41.284403669724774
2014-01-01,Management,Government,Andhra Pradesh,3.0,0.0,0.0,180.0,59.0,71.0,80.0,86.0,45.0,130.0,34.61538461538461,66.15384615384615,1.625,45.38461538461539,54.61538461538461
2015-01-01,Management,Government,Andhra Pradesh,3.0,0.0,0.0,180.0,81.0,61.0,81.0,64.0,53.0,142.0,37.32394366197183,45.07042253521127,1.7530864197530864,57.04225352112676,42.95774647887324
2016-01-01,Management,Government,Andhra Pradesh,3.0,0.0,0.0,180.0,69.0,35.0,21.0,98.0,49.0,104.0,47.11538461538461,94.23076923076923,4.9523809523809526,66.34615384615384,33.65384615384615
2017-01-01,Management,Government,Andhra Pradesh,2.0,0.0,0.0,120.0,84.0,26.0,66.0,110.0,62.0,110.0,56.36363636363636,100.0,1.6666666666666667,76.36363636363637,23.636363636363637
2018-01-01,Management,Government,Andhra Pradesh,2.0,0.0,0.0,120.0,80.0,31.0,25.0,110.0,80.0,111.0,72.07207207207207,99.09909909909909,4.44,72.07207207207207,27.927927927927925
2019-01-01,Management,Government,Andhra Pradesh,2.0,0.0,0.0,120.0,50.0,26.0,19.0,109.0,58.0,76.0,76.31578947368422,143.42105263157893,4.0,65.78947368421053,34.21052631578947
2020-01-01,Management,Government,Andhra Pradesh,2.0,0.0,0.0,120.0,64.0,23.0,21.0,53.0,55.0,87.0,63.2183908045977,60.91954022988506,4.142857142857143,73.5632183908046,26.436781609195403
2021-01-01,Management,Government,Andhra Pradesh,2.0,0.0,0.0,180.0,86.0,61.0,35.0,79.0,54.0,147.0,36.734693877551024,53.74149659863946,4.2,58.50340136054422,41.49659863945578
2013-01-01,Engineering,All,Andhra Pradesh,357.0,2.0,5.0,121275.0,27160.5,53573.5,31945.0,57667.5,23775.0,77376.5,30.72638333344103,74.52844209805303,2.422178744717483,35.101742777199796,69.23742996904745
2014-01-01,Engineering,All,Andhra Pradesh,344.0,1.0,7.0,121275.0,27160.5,53573.5,31945.0,57667.5,23807.5,77376.5,30.76838575019547,74.52844209805303,2.422178744717483,35.101742777199796,69.23742996904745
2015-01-01,Engineering,All,Andhra Pradesh,344.0,1.0,4.0,121275.0,27160.5,53573.5,31945.0,57667.5,23807.5,77376.5,30.76838575019547,74.52844209805303,2.422178744717483,35.101742777199796,69.23742996904745
2016-01-01,Engineering,All,Andhra Pradesh,338.0,1.0,5.0,121275.0,27160.5,53573.5,31945.0,57667.5,23807.5,77376.5,30.76838575019547,74.52844209805303,2.422178744717483,35.101742777199796,69.23742996904745
2017-01-01,Engineering,All,Andhra Pradesh,329.0,1.0,2.0,121275.0,27160.5,53573.5,31945.0,57667.5,23807.5,77376.5,30.76838575019547,74.52844209805303,2.422178744717483,35.101742777199796,69.23742996904745
2018-01-01,Engineering,All,Andhra Pradesh,321.0,1.0,3.0,121275.0,27160.5,52615.0,31945.0,57667.5,23807.5,77376.5,30.76838575019547,74.52844209805303,2.422178744717483,35.101742777199796,67.99868177030494
2019-01-01,Engineering,All,Andhra Pradesh,305.0,2.0,1.0,121275.0,27160.5,52044.0,31945.0,57667.5,23807.5,77376.5,30.76838575019547,74.52844209805303,2.422178744717483,35.101742777199796,67.26073161748076
2020-01-01,Engineering,All,Andhra Pradesh,305.0,3.0,0.0,121275.0,27160.5,53573.5,31945.0,57667.5,23807.5,77376.5,30.76838575019547,74.52844209805303,2.422178744717483,35.101742777199796,69.23742996904745
2021-01-01,Engineering,All,Andhra Pradesh,295.0,0.0,0.0,121275.0,27160.5,53573.5,31945.0,57667.5,23807.5,77376.5,30.76838575019547,74.52844209805303,2.422178744717483,35.101742777199796,69.23742996904745
2013-01-01,Management,All,Andhra Pradesh,417.0,3.0,7.5,45070.0,9570.0,15657.0,10528.0,20484.0,7314.0,25227.0,28.99274586752289,81.19871566179094,2.396181610942249,37.93554524913783,62.064454750862176
2014-01-01,Management,All,Andhra Pradesh,397.0,2.0,7.5,45210.0,9017.0,19624.0,13324.0,21147.0,7915.0,28641.0,27.635208267867746,73.83471247512307,2.1495797057940558,31.482839286337764,68.51716071366224
2015-01-01,Management,All,Andhra Pradesh,396.0,3.0,3.0,51690.0,10384.0,22522.0,15336.0,23824.0,8837.0,32906.0,26.85528475050143,72.40017018172978,2.1456703182055294,31.556555035555828,68.44344496444418
2016-01-01,Management,All,Andhra Pradesh,385.0,2.0,6.0,50610.0,11551.0,23441.0,6617.0,24890.0,9328.0,34992.0,26.657521719250116,71.13054412437128,5.288197068157776,33.010402377686326,66.98959762231367
2017-01-01,Management,All,Andhra Pradesh,377.0,2.0,6.0,49020.0,11040.0,18810.0,9944.0,24893.0,9886.0,29850.0,33.118927973199334,83.39363484087102,3.001810136765889,36.984924623115575,63.015075376884425
2018-01-01,Management,All,Andhra Pradesh,362.0,0.0,5.0,46818.0,11807.0,20670.0,6680.0,22932.0,9761.0,32477.0,30.055115928195335,70.6099701327093,4.8618263473053895,36.35495889398651,63.64504110601349
2019-01-01,Management,All,Andhra Pradesh,346.0,3.0,1.0,45474.0,11061.0,17394.0,5457.0,23412.0,10165.0,28455.0,35.72307151642945,82.2772799156563,5.214403518416712,38.87190300474433,61.12809699525567
2020-01-01,Management,All,Andhra Pradesh,346.0,4.0,3.0,45478.0,11737.0,16342.0,5257.0,15572.0,10620.0,28079.0,37.821859752840204,55.45781544926813,5.341259273349819,41.7999216496314,58.2000783503686
2021-01-01,Management,All,Andhra Pradesh,335.0,1.0,0.0,44074.0,8911.0,11973.0,5338.0,19682.0,7341.0,20884.0,35.15131200919364,94.24439762497606,3.9123267141251405,42.669028921662516,57.33097107833748
2013-01-01,Pharmacy,All,Andhra Pradesh,122.0,1.0,0.0,11900.0,4236.0,3062.0,4327.0,4849.0,1582.0,7298.0,21.677171827898054,66.44286105782406,1.686618904552808,58.043299534118944,41.95670046588106
2014-01-01,Pharmacy,All,Andhra Pradesh,121.0,2.0,0.0,12470.0,4012.0,2714.0,6272.0,4407.0,1518.0,6726.0,22.56913470115968,65.52185548617307,1.0723852040816326,59.64912280701754,40.35087719298245
2015-01-01,Pharmacy,All,Andhra Pradesh,123.0,0.0,0.0,13310.0,3493.0,2243.0,7876.0,4882.0,1924.0,5736.0,33.542538354253836,85.1115760111576,0.7282884713052311,60.89609483960948,39.10390516039052
2016-01-01,Pharmacy,All,Andhra Pradesh,123.0,0.0,0.0,13310.0,4488.0,2891.0,3198.0,5444.0,2329.0,7379.0,31.562542349911908,73.77693454397615,2.307379612257661,60.821249491801055,39.178750508198945
2017-01-01,Pharmacy,All,Andhra Pradesh,123.0,0.0,0.0,12670.0,4831.0,3196.0,4259.0,5990.0,2627.0,8027.0,32.72704621901084,74.62314687928242,1.8847147217656728,60.18437772517753,39.81562227482247
2018-01-01,Pharmacy,All,Andhra Pradesh,123.0,0.0,0.0,12310.0,5314.0,3195.0,3790.0,5009.0,2138.0,8509.0,25.126336819837817,58.86708191326831,2.245118733509235,62.45152191796921,37.54847808203079
2019-01-01,Pharmacy,All,Andhra Pradesh,120.0,3.0,0.0,10865.0,4633.0,3085.0,4394.0,5072.0,2826.0,7718.0,36.61570355014253,65.71650686706401,1.756486117432863,60.02850479398808,39.97149520601192
2020-01-01,Pharmacy,All,Andhra Pradesh,125.0,3.0,0.0,11189.0,5141.0,3052.0,4824.0,3107.0,2973.0,8193.0,36.28707433174661,37.9226168680581,1.6983830845771144,62.748687904308554,37.25131209569144
2021-01-01,Pharmacy,All,Andhra Pradesh,109.0,0.0,0.0,9830.0,3394.0,2018.0,4252.0,3729.0,1732.0,5412.0,32.00295639320029,68.90243902439023,1.272812793979304,62.71249076127125,37.28750923872875
2013-01-01,Pharmacy,Government,Bihar,2.0,0.0,0.0,90.0,26.0,27.0,11.0,21.0,3.0,53.0,5.660377358490567,39.62264150943396,4.818181818181818,49.056603773584904,50.943396226415096
2014-01-01,Pharmacy,Government,Bihar,2.0,0.0,0.0,90.0,26.0,34.0,17.0,15.0,0.0,60.0,0.0,25.0,3.5294117647058822,43.333333333333336,56.666666666666664
2015-01-01,Pharmacy,Government,Bihar,2.0,0.0,0.0,90.0,14.0,22.0,19.0,40.0,2.0,36.0,5.555555555555555,111.11111111111111,1.894736842105263,38.88888888888889,61.111111111111114
2016-01-01,Pharmacy,Government,Bihar,3.0,0.0,0.0,150.0,25.0,70.0,27.0,24.0,3.0,95.0,3.1578947368421053,25.263157894736842,3.5185185185185186,26.31578947368421,73.68421052631578
2017-01-01,Pharmacy,Government,Bihar,3.0,0.0,0.0,150.0,44.0,79.0,22.0,76.0,30.0,123.0,24.390243902439025,61.78861788617886,5.590909090909091,35.77235772357724,64.22764227642277
2018-01-01,Pharmacy,Government,Bihar,3.0,0.0,0.0,150.0,44.0,76.0,28.0,92.0,60.0,120.0,50.0,76.66666666666667,4.285714285714286,36.666666666666664,63.33333333333333
2019-01-01,Pharmacy,Government,Bihar,3.0,0.0,0.0,150.0,24.0,105.0,33.0,52.0,28.0,129.0,21.705426356589147,40.310077519379846,3.909090909090909,18.6046511627907,81.3953488372093
2020-01-01,Pharmacy,Government,Bihar,3.0,0.0,0.0,180.0,68.0,133.0,31.0,131.0,68.0,201.0,33.83084577114428,65.17412935323384,6.483870967741935,33.83084577114428,66.16915422885572
2021-01-01,Pharmacy,Government,Bihar,3.0,0.0,0.0,180.0,27.0,85.0,36.0,99.0,58.0,112.0,51.78571428571429,88.39285714285714,3.111111111111111,24.107142857142858,75.89285714285714
2013-01-01,Pharmacy,Private,Bihar,2.0,0.0,0.0,120.0,21.0,99.0,18.0,69.0,69.0,120.0,57.49999999999999,57.49999999999999,6.666666666666667,17.5,82.5
2014-01-01,Pharmacy,Private,Bihar,2.0,0.0,0.0,120.0,28.0,81.0,27.0,79.0,79.0,109.0,72.47706422018348,72.47706422018348,4.037037037037037,25.688073394495415,74.31192660550458
2015-01-01,Pharmacy,Private,Bihar,2.0,0.0,0.0,120.0,11.0,73.0,26.0,60.0,60.0,84.0,71.42857142857143,71.42857142857143,3.230769230769231,13.095238095238097,86.90476190476191
2016-01-01,Pharmacy,Private,Bihar,1.0,0.0,0.0,60.0,7.0,53.0,33.0,60.0,60.0,60.0,100.0,100.0,1.8181818181818181,11.666666666666666,88.33333333333333
2017-01-01,Pharmacy,Private,Bihar,1.0,0.0,0.0,60.0,17.0,43.0,60.0,53.0,26.0,60.0,43.333333333333336,88.33333333333333,1.0,28.333333333333332,71.66666666666667
2018-01-01,Pharmacy,Private,Bihar,1.0,0.0,0.0,60.0,14.0,46.0,32.0,0.0,15.0,60.0,25.0,0.0,1.875,23.333333333333332,76.66666666666667
2019-01-01,Pharmacy,Private,Bihar,2.0,1.0,0.0,120.0,30.0,90.0,41.0,0.0,0.0,120.0,0.0,0.0,2.926829268292683,25.0,75.0
2020-01-01,Pharmacy,Private,Bihar,8.0,2.5,0.0,680.0,101.0,437.0,54.0,160.0,68.0,538.0,12.639405204460965,29.739776951672862,9.962962962962964,18.773234200743495,81.22676579925651
2021-01-01,Pharmacy,Private,Bihar,9.0,0.0,0.0,860.0,109.0,441.0,148.0,196.0,55.0,550.0,10.0,35.63636363636364,3.7162162162162162,19.818181818181817,80.18181818181817
2013-01-01,Engineering,Government,Bihar,7.0,0.0,0.0,2870.0,898.0,4634.0,1337.5,1173.0,38.0,5532.0,0.6869125090383225,21.203904555314534,4.13607476635514,16.232827187274044,83.76717281272596
2014-01-01,Engineering,Government,Bihar,7.0,0.0,0.0,2870.0,225.0,1332.0,182.0,1166.0,81.0,1557.0,5.202312138728324,74.88760436737316,8.554945054945055,14.450867052023122,85.54913294797689
2015-01-01,Engineering,Government,Bihar,7.0,0.0,0.0,2630.0,235.0,1321.0,182.0,929.0,39.0,1556.0,2.506426735218509,59.70437017994858,8.54945054945055,15.102827763496144,84.89717223650386
2016-01-01,Engineering,Government,Bihar,8.0,0.0,0.0,2630.0,328.0,1256.0,137.0,960.0,38.0,1584.0,2.398989898989899,60.60606060606061,11.562043795620438,20.707070707070706,79.29292929292929
2017-01-01,Engineering,Government,Bihar,14.0,2.5,0.0,4010.0,531.0,2341.0,165.0,950.0,46.0,2872.0,1.6016713091922006,33.07799442896936,17.406060606060606,18.488857938718663,81.51114206128133
2018-01-01,Engineering,Government,Bihar,17.0,2.5,0.0,4730.0,678.0,3172.0,179.0,1673.0,104.0,3850.0,2.7012987012987013,43.45454545454545,21.508379888268156,17.61038961038961,82.3896103896104
2019-01-01,Engineering,Government,Bihar,20.0,2.5,0.0,4990.0,739.0,3522.0,501.0,1750.0,145.0,4261.0,3.4029570523351325,41.07017132128608,8.50499001996008,17.34334663224595,82.65665336775405
2020-01-01,Engineering,Government,Bihar,41.0,2.5,0.0,9425.0,1045.0,5171.0,1337.5,2152.0,372.0,6128.0,6.070496083550914,35.117493472584854,4.581682242990654,17.052872062663184,84.3831592689295
2021-01-01,Engineering,Government,Bihar,41.0,0.0,0.0,9575.0,925.0,4719.0,1337.5,2286.0,529.0,5644.0,9.372785258681786,40.503189227498225,4.2198130841121495,16.389085754783842,83.61091424521616
2013-01-01,Engineering,Private,Bihar,15.0,2.0,0.0,4920.0,990.0,2144.0,571.0,1514.0,297.0,3134.0,9.476707083599234,48.30887045309509,5.48861646234676,31.589023611997447,68.41097638800255
2014-01-01,Engineering,Private,Bihar,17.0,1.0,0.0,5700.0,575.0,2635.0,941.0,1792.0,392.0,3210.0,12.21183800623053,55.82554517133956,3.4112646121147714,17.91277258566978,82.08722741433021
2015-01-01,Engineering,Private,Bihar,17.0,0.0,0.0,6120.0,449.0,2183.0,1193.0,1926.0,493.0,2632.0,18.731003039513677,73.17629179331307,2.206202849958089,17.059270516717326,82.94072948328267
2016-01-01,Engineering,Private,Bihar,17.0,0.0,0.0,6240.0,460.0,3034.0,1337.5,1997.0,742.0,3494.0,21.23640526617058,57.15512306811677,2.6123364485981306,13.16542644533486,86.83457355466514
2017-01-01,Engineering,Private,Bihar,17.0,0.0,0.0,6120.0,400.0,2161.0,1337.5,2547.0,1017.0,2561.0,39.71105037094885,99.45333853963295,1.914766355140187,15.618898867629833,84.38110113237018
2018-01-01,Engineering,Private,Bihar,17.0,0.0,0.0,5970.0,338.0,1705.0,1337.5,2301.0,845.0,2043.0,41.36074400391581,112.62848751835537,1.5274766355140188,16.544297601566324,83.45570239843367
2019-01-01,Engineering,Private,Bihar,18.0,1.0,0.0,6030.0,285.0,1240.0,1337.5,2335.0,910.0,1525.0,59.67213114754099,153.11475409836066,1.1401869158878504,18.688524590163937,81.31147540983606
2020-01-01,Engineering,Private,Bihar,17.0,0.0,0.0,5280.0,324.0,2304.0,1337.5,1159.0,1138.0,2628.0,43.30289193302892,44.10197869101979,1.9648598130841122,12.32876712328767,87.67123287671232
2021-01-01,Engineering,Private,Bihar,16.0,0.0,0.0,5331.0,299.0,1657.0,1337.5,1592.0,585.0,1956.0,29.9079754601227,81.39059304703477,1.462429906542056,15.286298568507156,84.71370143149284
2013-01-01,Management,Private,Bihar,14.0,2.0,0.0,1140.0,340.0,560.0,128.0,837.0,298.0,900.0,33.111111111111114,93.0,7.03125,37.77777777777778,62.22222222222222
2014-01-01,Management,Private,Bihar,13.0,0.0,0.0,1080.0,223.0,601.0,151.0,726.0,266.0,824.0,32.28155339805826,88.10679611650485,5.456953642384106,27.063106796116504,72.93689320388349
2015-01-01,Management,Private,Bihar,14.0,0.0,0.0,1140.0,221.0,513.0,187.0,763.0,300.0,734.0,40.87193460490463,103.95095367847411,3.9251336898395723,30.108991825613078,69.89100817438693
2016-01-01,Management,Private,Bihar,8.0,1.0,0.0,870.0,108.0,238.0,163.0,296.0,83.0,346.0,23.98843930635838,85.54913294797689,2.1226993865030677,31.213872832369944,68.78612716763006
2017-01-01,Management,Private,Bihar,10.0,1.0,0.0,1170.0,156.0,300.0,252.0,343.0,161.0,456.0,35.30701754385965,75.21929824561403,1.8095238095238095,34.21052631578947,65.78947368421053
2018-01-01,Management,Private,Bihar,10.0,0.0,0.0,1050.0,119.0,257.0,167.0,241.0,241.0,376.0,64.09574468085107,64.09574468085107,2.251497005988024,31.648936170212767,68.35106382978722
2019-01-01,Management,Private,Bihar,10.0,0.0,0.0,1050.0,150.0,265.0,140.0,413.0,207.0,415.0,49.87951807228916,99.51807228915662,2.9642857142857144,36.144578313253014,63.85542168674698
2020-01-01,Management,Private,Bihar,11.0,2.0,0.0,933.0,237.0,521.0,175.0,151.0,156.0,758.0,20.58047493403694,19.92084432717678,4.331428571428572,31.266490765171508,68.73350923482849
2021-01-01,Management,Private,Bihar,12.0,1.0,0.0,1067.0,193.0,409.0,213.0,296.0,101.0,602.0,16.77740863787375,49.16943521594684,2.8262910798122065,32.05980066445183,67.94019933554817
2013-01-01,Management,Government,Bihar,6.0,1.0,0.0,535.0,158.0,264.0,156.0,355.0,123.0,422.0,29.14691943127962,84.12322274881517,2.7051282051282053,37.44075829383886,62.55924170616114
2014-01-01,Management,Government,Bihar,7.0,0.0,0.0,655.0,174.0,292.0,129.0,354.0,190.0,466.0,40.772532188841204,75.9656652360515,3.612403100775194,37.33905579399141,62.66094420600859
2015-01-01,Management,Government,Bihar,8.0,2.0,0.0,715.0,158.0,255.0,145.0,345.0,261.0,413.0,63.19612590799032,83.53510895883777,2.8482758620689657,38.256658595641646,61.743341404358354
2016-01-01,Management,Government,Bihar,15.0,0.0,0.0,1165.0,318.0,530.0,125.0,712.0,442.0,848.0,52.12264150943396,83.9622641509434,6.784,37.5,62.5
2017-01-01,Management,Government,Bihar,15.0,0.0,0.0,1165.0,287.0,542.0,110.0,675.0,382.0,829.0,46.07961399276236,81.42340168878167,7.536363636363636,34.62002412545235,65.37997587454765
2018-01-01,Management,Government,Bihar,15.0,0.0,0.0,1225.0,306.0,583.0,117.0,643.0,407.0,889.0,45.78177727784027,72.32845894263217,7.598290598290598,34.4206974128234,65.5793025871766
2019-01-01,Management,Government,Bihar,13.0,0.0,0.0,1125.0,325.0,515.0,94.0,711.0,351.0,840.0,41.785714285714285,84.64285714285714,8.936170212765957,38.69047619047619,61.30952380952381
2020-01-01,Management,Government,Bihar,13.0,0.0,0.0,1065.0,362.0,489.0,107.0,386.0,463.0,851.0,54.406580493537014,45.35840188014101,7.953271028037383,42.53819036427732,57.46180963572268
2021-01-01,Management,Government,Bihar,14.0,0.0,0.0,1125.0,271.0,552.0,132.0,615.0,447.0,823.0,54.3134872417983,74.726609963548,6.234848484848484,32.92831105710814,67.07168894289185
2013-01-01,Engineering,All,Bihar,22.0,2.5,0.0,7790.0,1073.0,3271.0,725.0,2687.0,335.0,4732.0,7.079459002535926,56.78360101437024,6.526896551724138,22.67540152155537,69.1251056635672
2014-01-01,Engineering,All,Bihar,24.0,1.0,0.0,8570.0,800.0,3967.0,1123.0,2958.0,473.0,4767.0,9.922383050136355,62.05160478288232,4.244879786286732,16.782043213761273,83.21795678623872
2015-01-01,Engineering,All,Bihar,24.0,0.0,0.0,8750.0,684.0,3504.0,1337.5,2855.0,532.0,4188.0,12.702960840496658,68.17096466093601,3.131214953271028,16.332378223495702,83.66762177650429
2016-01-01,Engineering,All,Bihar,25.0,0.0,0.0,8870.0,788.0,4290.0,1337.5,2957.0,780.0,5078.0,15.360378101614808,58.23158723907051,3.7966355140186914,15.517920441118552,84.48207955888145
2017-01-01,Engineering,All,Bihar,31.0,2.5,0.0,10130.0,931.0,4502.0,1337.5,3497.0,1063.0,5433.0,19.565617522547395,64.36591201914229,4.062056074766355,17.13602061476164,82.86397938523837
2018-01-01,Engineering,All,Bihar,34.0,2.5,0.0,10700.0,1016.0,4877.0,1337.5,3635.0,949.0,5893.0,16.103852027829628,61.6833531308332,4.405981308411215,17.240794162565756,82.75920583743425
2019-01-01,Engineering,All,Bihar,38.0,2.5,0.0,11020.0,1024.0,4762.0,1337.5,3635.0,1055.0,5786.0,18.2336674732112,62.82405807120636,4.325981308411215,17.697891462150018,82.30210853784999
2020-01-01,Engineering,All,Bihar,44.0,2.5,0.0,11985.0,1073.0,5171.0,1337.5,3180.0,1219.5,6128.0,19.90045691906005,51.89295039164491,4.581682242990654,17.509791122715406,84.3831592689295
2021-01-01,Engineering,All,Bihar,44.0,0.0,0.0,11985.0,1073.0,5171.0,1337.5,3635.0,1056.0,6128.0,17.232375979112273,59.317885117493475,4.581682242990654,17.509791122715406,84.3831592689295
2013-01-01,Management,All,Bihar,20.0,2.5,0.0,1675.0,498.0,824.0,284.0,1192.0,421.0,1322.0,31.84568835098336,90.16641452344932,4.654929577464789,37.67019667170953,62.32980332829047
2014-01-01,Management,All,Bihar,20.0,0.0,0.0,1735.0,397.0,893.0,280.0,1080.0,456.0,1290.0,35.348837209302324,83.72093023255815,4.607142857142857,30.775193798449614,69.2248062015504
2015-01-01,Management,All,Bihar,22.0,0.0,0.0,1855.0,379.0,768.0,332.0,1106.0,561.0,1147.0,48.91020052310375,96.4254577157803,3.4548192771084336,33.04272013949433,66.95727986050566
2016-01-01,Management,All,Bihar,23.0,1.0,0.0,2035.0,426.0,768.0,288.0,1008.0,525.0,1194.0,43.969849246231156,84.42211055276381,4.145833333333333,35.678391959798994,64.321608040201
2017-01-01,Management,All,Bihar,25.0,1.0,0.0,2335.0,443.0,842.0,362.0,1018.0,543.0,1285.0,42.2568093385214,79.22178988326849,3.5497237569060776,34.474708171206224,65.52529182879377
2018-01-01,Management,All,Bihar,25.0,0.0,0.0,2275.0,425.0,840.0,284.0,884.0,534.0,1265.0,42.21343873517787,69.88142292490119,4.454225352112676,33.59683794466403,66.40316205533597
2019-01-01,Management,All,Bihar,23.0,0.0,0.0,2175.0,475.0,780.0,234.0,1124.0,558.0,1255.0,44.462151394422314,89.5617529880478,5.363247863247863,37.84860557768924,62.15139442231076
2020-01-01,Management,All,Bihar,24.0,2.0,0.0,1998.0,599.0,1010.0,282.0,537.0,619.0,1609.0,38.471100062150406,33.374766935985086,5.705673758865248,37.22809198259789,62.77190801740211
2021-01-01,Management,All,Bihar,26.0,1.0,0.0,2192.0,464.0,961.0,345.0,945.0,548.0,1425.0,38.45614035087719,66.3157894736842,4.130434782608695,32.56140350877193,67.43859649122808
2013-01-01,Pharmacy,All,Bihar,4.0,0.0,0.0,210.0,47.0,126.0,29.0,90.0,72.0,173.0,41.61849710982659,52.02312138728323,5.9655172413793105,27.167630057803464,72.83236994219652
2014-01-01,Pharmacy,All,Bihar,4.0,0.0,0.0,210.0,54.0,115.0,44.0,94.0,79.0,169.0,46.74556213017752,55.62130177514793,3.840909090909091,31.952662721893493,68.04733727810651
2015-01-01,Pharmacy,All,Bihar,4.0,0.0,0.0,210.0,25.0,95.0,45.0,100.0,62.0,120.0,51.66666666666667,83.33333333333334,2.6666666666666665,20.833333333333336,79.16666666666666
2016-01-01,Pharmacy,All,Bihar,4.0,0.0,0.0,210.0,32.0,123.0,60.0,84.0,63.0,155.0,40.64516129032258,54.19354838709678,2.5833333333333335,20.64516129032258,79.35483870967742
2017-01-01,Pharmacy,All,Bihar,4.0,0.0,0.0,210.0,61.0,122.0,82.0,129.0,56.0,183.0,30.601092896174865,70.49180327868852,2.231707317073171,33.33333333333333,66.66666666666666
2018-01-01,Pharmacy,All,Bihar,4.0,0.0,0.0,210.0,58.0,122.0,60.0,92.0,75.0,180.0,41.66666666666667,51.11111111111111,3.0,32.22222222222222,67.77777777777779
2019-01-01,Pharmacy,All,Bihar,5.0,1.0,0.0,270.0,54.0,195.0,74.0,52.0,28.0,249.0,11.244979919678714,20.883534136546185,3.364864864864865,21.686746987951807,78.3132530120482
2020-01-01,Pharmacy,All,Bihar,11.0,0.0,0.0,860.0,169.0,570.0,85.0,291.0,136.0,739.0,18.403247631935045,39.377537212449255,8.694117647058823,22.868741542625166,77.13125845737483
2021-01-01,Pharmacy,All,Bihar,12.0,0.0,0.0,1040.0,136.0,526.0,184.0,341.0,113.0,662.0,17.069486404833835,51.51057401812689,3.597826086956522,20.54380664652568,79.45619335347432
2013-01-01,Pharmacy,Government,Chhattisgarh,2.0,0.0,0.0,120.0,52.0,63.0,21.0,57.0,24.0,115.0,20.869565217391305,49.56521739130435,5.476190476190476,45.21739130434783,54.78260869565217
2014-01-01,Pharmacy,Government,Chhattisgarh,2.0,0.0,0.0,120.0,46.0,69.0,27.0,48.0,29.0,115.0,25.217391304347824,41.73913043478261,4.2592592592592595,40.0,60.0
2015-01-01,Pharmacy,Government,Chhattisgarh,2.0,0.0,0.0,120.0,49.0,67.0,26.0,54.0,28.0,116.0,24.137931034482758,46.55172413793103,4.461538461538462,42.241379310344826,57.758620689655174
2016-01-01,Pharmacy,Government,Chhattisgarh,2.0,0.0,0.0,120.0,55.0,59.0,27.0,110.0,25.0,114.0,21.929824561403507,96.49122807017544,4.222222222222222,48.24561403508772,51.75438596491229
2017-01-01,Pharmacy,Government,Chhattisgarh,2.0,0.0,0.0,120.0,55.0,55.0,20.0,102.0,20.0,110.0,18.181818181818183,92.72727272727272,5.5,50.0,50.0
2018-01-01,Pharmacy,Government,Chhattisgarh,2.0,0.0,0.0,120.0,43.0,58.0,28.0,109.0,23.0,101.0,22.772277227722775,107.92079207920793,3.607142857142857,42.57425742574257,57.42574257425742
2019-01-01,Pharmacy,Government,Chhattisgarh,2.0,0.0,0.0,120.0,53.0,62.0,28.0,60.0,22.0,115.0,19.130434782608695,52.17391304347826,4.107142857142857,46.08695652173913,53.91304347826087
2020-01-01,Pharmacy,Government,Chhattisgarh,2.0,0.0,0.0,120.0,20.0,40.0,35.0,61.0,12.0,60.0,20.0,101.66666666666666,1.7142857142857142,33.33333333333333,66.66666666666666
2021-01-01,Pharmacy,Government,Chhattisgarh,2.0,0.0,0.0,120.0,26.0,45.0,23.0,39.0,20.0,71.0,28.169014084507044,54.929577464788736,3.0869565217391304,36.61971830985916,63.38028169014085
2013-01-01,Pharmacy,Private,Chhattisgarh,9.0,0.0,0.0,906.0,209.0,304.0,152.0,411.0,96.0,513.0,18.71345029239766,80.11695906432749,3.375,40.74074074074074,59.25925925925925
2014-01-01,Pharmacy,Private,Chhattisgarh,9.0,0.0,0.0,846.0,127.0,470.0,177.0,398.0,137.0,597.0,22.948073701842546,66.66666666666666,3.3728813559322033,21.273031825795645,78.72696817420436
2015-01-01,Pharmacy,Private,Chhattisgarh,9.0,0.0,0.0,846.0,176.0,520.0,214.0,397.0,87.0,696.0,12.5,57.04022988505747,3.2523364485981308,25.287356321839084,74.71264367816092
2016-01-01,Pharmacy,Private,Chhattisgarh,10.0,0.0,0.0,888.0,161.0,469.0,223.0,430.0,69.0,630.0,10.952380952380953,68.25396825396825,2.8251121076233185,25.555555555555554,74.44444444444444
2017-01-01,Pharmacy,Private,Chhattisgarh,10.0,0.0,0.0,928.0,186.0,543.0,205.0,445.0,226.0,729.0,31.001371742112482,61.04252400548697,3.55609756097561,25.514403292181072,74.48559670781893
2018-01-01,Pharmacy,Private,Chhattisgarh,10.0,0.0,0.0,912.0,193.0,606.0,242.0,536.0,216.0,799.0,27.033792240300375,67.08385481852316,3.3016528925619837,24.155193992490613,75.84480600750939
2019-01-01,Pharmacy,Private,Chhattisgarh,15.0,0.0,0.0,1212.0,299.0,818.0,281.0,331.0,204.0,1117.0,18.263205013428827,29.63294538943599,3.9750889679715304,26.768128916741276,73.23187108325872
2020-01-01,Pharmacy,Private,Chhattisgarh,25.0,0.0,0.0,2012.0,300.0,584.0,463.0,96.0,125.0,884.0,14.14027149321267,10.85972850678733,1.9092872570194384,33.93665158371041,66.06334841628959
2021-01-01,Pharmacy,Private,Chhattisgarh,8.0,0.0,0.0,640.0,120.0,265.0,280.0,508.0,55.0,385.0,14.285714285714285,131.94805194805195,1.375,31.16883116883117,68.83116883116884
2013-01-01,Engineering,Government,Chhattisgarh,4.0,0.0,0.0,1170.0,324.0,669.0,111.0,778.0,65.0,993.0,6.545820745216516,78.3484390735146,8.945945945945946,32.62839879154079,67.37160120845923
2014-01-01,Engineering,Government,Chhattisgarh,4.0,0.0,0.0,1170.0,287.0,670.0,185.0,745.0,46.0,957.0,4.806687565308255,77.84743991640543,5.172972972972973,29.989550679205852,70.01044932079414
2015-01-01,Engineering,Government,Chhattisgarh,4.0,0.0,0.0,1170.0,279.0,638.0,221.0,810.0,67.0,917.0,7.306434023991276,88.33151581243183,4.149321266968326,30.425299890948747,69.57470010905126
2016-01-01,Engineering,Government,Chhattisgarh,5.0,0.0,0.0,1570.0,341.0,884.0,198.0,1174.0,104.0,1225.0,8.489795918367347,95.83673469387755,6.186868686868687,27.836734693877553,72.16326530612245
2017-01-01,Engineering,Government,Chhattisgarh,6.0,0.0,0.0,1810.0,369.0,862.0,289.0,1177.0,72.0,1231.0,5.848903330625508,95.61332250203087,4.259515570934256,29.975629569455727,70.02437043054427
2018-01-01,Engineering,Government,Chhattisgarh,7.0,0.0,0.0,1645.0,312.0,1337.0,301.0,1100.0,75.0,1649.0,4.548211036992116,66.7070952092177,5.4784053156146175,18.920557913887205,81.07944208611279
2019-01-01,Engineering,Government,Chhattisgarh,7.0,0.0,0.0,1930.0,368.0,920.0,301.0,989.0,134.0,1288.0,10.403726708074535,76.78571428571429,4.27906976744186,28.57142857142857,71.42857142857143
2020-01-01,Engineering,Government,Chhattisgarh,7.0,0.0,0.0,1900.0,373.0,1036.0,931.0,838.0,237.0,1409.0,16.820440028388926,59.47480482611781,1.5134264232008592,26.472675656493966,73.52732434350602
2021-01-01,Engineering,Government,Chhattisgarh,8.0,0.0,0.0,2020.0,429.0,1308.0,985.5,1103.0,220.0,1737.0,12.665515256188831,63.500287852619465,1.7625570776255708,24.697754749568222,75.30224525043178
2013-01-01,Engineering,Private,Chhattisgarh,46.0,0.0,0.0,5331.0,1047.0,2134.0,985.5,2261.0,972.5,2753.0,35.32509989102797,82.12858699600436,2.793505834601725,38.03123864874682,77.51543770432255
2014-01-01,Engineering,Private,Chhattisgarh,45.0,0.0,0.0,5331.0,1047.0,2134.0,985.5,2261.0,972.5,2753.0,35.32509989102797,82.12858699600436,2.793505834601725,38.03123864874682,77.51543770432255
2015-01-01,Engineering,Private,Chhattisgarh,47.0,0.0,0.0,5331.0,1047.0,2134.0,985.5,2261.0,972.5,2753.0,35.32509989102797,82.12858699600436,2.793505834601725,38.03123864874682,77.51543770432255
2016-01-01,Engineering,Private,Chhattisgarh,46.0,0.0,0.0,5331.0,1047.0,2134.0,985.5,2261.0,972.5,2753.0,35.32509989102797,82.12858699600436,2.793505834601725,38.03123864874682,77.51543770432255
2017-01-01,Engineering,Private,Chhattisgarh,43.0,0.0,0.0,5331.0,1047.0,2134.0,985.5,2261.0,972.5,2753.0,35.32509989102797,82.12858699600436,2.793505834601725,38.03123864874682,77.51543770432255
2018-01-01,Engineering,Private,Chhattisgarh,42.0,0.0,0.0,5331.0,1047.0,2134.0,985.5,2261.0,972.5,2753.0,35.32509989102797,82.12858699600436,2.793505834601725,38.03123864874682,77.51543770432255
2019-01-01,Engineering,Private,Chhattisgarh,39.0,0.0,0.0,5331.0,1047.0,2134.0,985.5,2261.0,972.5,2753.0,35.32509989102797,82.12858699600436,2.793505834601725,38.03123864874682,77.51543770432255
2020-01-01,Engineering,Private,Chhattisgarh,34.0,0.0,0.0,5331.0,1047.0,2134.0,985.5,2261.0,972.5,2753.0,35.32509989102797,82.12858699600436,2.793505834601725,38.03123864874682,77.51543770432255
2021-01-01,Engineering,Private,Chhattisgarh,32.0,0.0,0.0,5331.0,1047.0,2134.0,985.5,2261.0,972.5,2753.0,35.32509989102797,82.12858699600436,2.793505834601725,38.03123864874682,77.51543770432255
2013-01-01,Management,Private,Chhattisgarh,27.0,0.0,0.0,2940.0,450.0,418.0,342.0,915.0,355.0,868.0,40.89861751152073,105.4147465437788,2.538011695906433,51.843317972350235,48.15668202764977
2014-01-01,Management,Private,Chhattisgarh,23.0,0.0,0.0,2580.0,320.0,411.0,282.0,791.0,314.0,731.0,42.95485636114911,108.20793433652531,2.5921985815602837,43.77564979480164,56.22435020519836
2015-01-01,Management,Private,Chhattisgarh,23.0,0.0,0.0,2520.0,408.0,394.0,314.0,739.0,320.0,802.0,39.900249376558605,92.14463840399002,2.554140127388535,50.87281795511222,49.12718204488778
2016-01-01,Management,Private,Chhattisgarh,20.0,0.0,0.0,1839.0,383.0,446.0,273.0,580.0,264.0,829.0,31.845597104945718,69.96381182147165,3.0366300366300365,46.20024125452352,53.79975874547648
2017-01-01,Management,Private,Chhattisgarh,20.0,0.0,0.0,1923.0,450.0,536.0,282.0,629.0,362.0,986.0,36.71399594320487,63.793103448275865,3.49645390070922,45.63894523326572,54.361054766734284
2018-01-01,Management,Private,Chhattisgarh,20.0,0.0,0.0,1851.0,405.0,489.0,286.0,664.0,385.0,894.0,43.064876957494405,74.27293064876957,3.125874125874126,45.302013422818796,54.69798657718121
2019-01-01,Management,Private,Chhattisgarh,20.0,0.0,0.0,1791.0,368.0,432.0,234.0,618.0,428.0,800.0,53.5,77.25,3.4188034188034186,46.0,54.0
2020-01-01,Management,Private,Chhattisgarh,19.0,0.0,0.0,1641.0,444.0,530.0,240.0,435.0,360.0,974.0,36.96098562628337,44.6611909650924,4.058333333333334,45.58521560574948,54.41478439425052
2021-01-01,Management,Private,Chhattisgarh,18.0,0.0,0.0,1659.0,467.0,541.0,237.0,429.0,252.0,1008.0,25.0,42.55952380952381,4.253164556962025,46.32936507936508,53.67063492063492
2013-01-01,Management,Government,Chhattisgarh,1.0,0.0,0.0,60.0,31.0,29.0,7.0,44.0,12.0,60.0,20.0,73.33333333333333,8.571428571428571,51.66666666666667,48.333333333333336
2014-01-01,Management,Government,Chhattisgarh,1.0,0.0,0.0,60.0,33.0,27.0,7.0,48.0,15.0,60.0,25.0,80.0,8.571428571428571,55.00000000000001,45.0
2015-01-01,Management,Government,Chhattisgarh,1.0,0.0,0.0,60.0,25.0,35.0,8.0,41.0,10.0,60.0,16.666666666666664,68.33333333333333,7.5,41.66666666666667,58.333333333333336
2016-01-01,Management,Government,Chhattisgarh,2.0,0.0,0.0,120.0,65.0,55.0,7.0,104.0,26.0,120.0,21.666666666666668,86.66666666666667,17.142857142857142,54.166666666666664,45.83333333333333
2017-01-01,Management,Government,Chhattisgarh,2.0,0.0,0.0,120.0,70.0,50.0,8.0,94.0,44.0,120.0,36.666666666666664,78.33333333333333,15.0,58.333333333333336,41.66666666666667
2018-01-01,Management,Government,Chhattisgarh,2.0,0.0,0.0,120.0,58.0,56.0,8.0,110.0,46.0,114.0,40.35087719298245,96.49122807017544,14.25,50.877192982456144,49.122807017543856
2019-01-01,Management,Government,Chhattisgarh,2.0,0.0,0.0,120.0,66.0,53.0,8.0,110.0,64.0,119.0,53.78151260504202,92.43697478991596,14.875,55.46218487394958,44.537815126050425
2020-01-01,Management,Government,Chhattisgarh,2.0,0.0,0.0,100.0,51.0,48.0,9.0,91.0,37.0,99.0,37.37373737373738,91.91919191919192,11.0,51.515151515151516,48.484848484848484
2021-01-01,Management,Government,Chhattisgarh,2.0,0.0,0.0,100.0,49.0,51.0,10.0,86.0,17.0,100.0,17.0,86.0,10.0,49.0,51.0
2013-01-01,Engineering,All,Chhattisgarh,50.0,0.0,0.0,5331.0,1047.0,2134.0,985.5,2261.0,972.5,2753.0,35.32509989102797,82.12858699600436,2.793505834601725,38.03123864874682,77.51543770432255
2014-01-01,Engineering,All,Chhattisgarh,49.0,0.0,0.0,5331.0,1047.0,2134.0,985.5,2261.0,972.5,2753.0,35.32509989102797,82.12858699600436,2.793505834601725,38.03123864874682,77.51543770432255
2015-01-01,Engineering,All,Chhattisgarh,51.0,0.0,0.0,5331.0,1047.0,2134.0,985.5,2261.0,972.5,2753.0,35.32509989102797,82.12858699600436,2.793505834601725,38.03123864874682,77.51543770432255
2016-01-01,Engineering,All,Chhattisgarh,51.0,0.0,0.0,5331.0,1047.0,2134.0,985.5,2261.0,972.5,2753.0,35.32509989102797,82.12858699600436,2.793505834601725,38.03123864874682,77.51543770432255
2017-01-01,Engineering,All,Chhattisgarh,49.0,0.0,0.0,5331.0,1047.0,2134.0,985.5,2261.0,972.5,2753.0,35.32509989102797,82.12858699600436,2.793505834601725,38.03123864874682,77.51543770432255
2018-01-01,Engineering,All,Chhattisgarh,49.0,0.0,0.0,5331.0,1047.0,2134.0,985.5,2261.0,972.5,2753.0,35.32509989102797,82.12858699600436,2.793505834601725,38.03123864874682,77.51543770432255
2019-01-01,Engineering,All,Chhattisgarh,46.0,0.0,0.0,5331.0,1047.0,2134.0,985.5,2261.0,972.5,2753.0,35.32509989102797,82.12858699600436,2.793505834601725,38.03123864874682,77.51543770432255
2020-01-01,Engineering,All,Chhattisgarh,41.0,0.0,0.0,5331.0,1047.0,2134.0,985.5,2261.0,972.5,2753.0,35.32509989102797,82.12858699600436,2.793505834601725,38.03123864874682,77.51543770432255
2021-01-01,Engineering,All,Chhattisgarh,40.0,0.0,0.0,5331.0,1047.0,2134.0,985.5,2261.0,972.5,2753.0,35.32509989102797,82.12858699600436,2.793505834601725,38.03123864874682,77.51543770432255
2013-01-01,Management,All,Chhattisgarh,28.0,0.0,0.0,3000.0,481.0,447.0,349.0,959.0,367.0,928.0,39.547413793103445,103.34051724137932,2.659025787965616,51.831896551724135,48.168103448275865
2014-01-01,Management,All,Chhattisgarh,24.0,0.0,0.0,2640.0,353.0,438.0,289.0,839.0,329.0,791.0,41.5929203539823,106.06826801517066,2.737024221453287,44.62705436156764,55.37294563843237
2015-01-01,Management,All,Chhattisgarh,24.0,0.0,0.0,2580.0,433.0,429.0,322.0,780.0,330.0,862.0,38.2830626450116,90.48723897911833,2.6770186335403725,50.232018561484914,49.76798143851508
2016-01-01,Management,All,Chhattisgarh,22.0,0.0,0.0,1959.0,448.0,501.0,280.0,684.0,290.0,949.0,30.558482613277132,72.0758693361433,3.3892857142857142,47.20758693361433,52.79241306638567
2017-01-01,Management,All,Chhattisgarh,22.0,0.0,0.0,2043.0,520.0,586.0,290.0,723.0,406.0,1106.0,36.708860759493675,65.37070524412296,3.8137931034482757,47.01627486437613,52.98372513562387
2018-01-01,Management,All,Chhattisgarh,22.0,0.0,0.0,1971.0,463.0,545.0,294.0,774.0,431.0,1008.0,42.757936507936506,76.78571428571429,3.4285714285714284,45.932539682539684,54.067460317460316
2019-01-01,Management,All,Chhattisgarh,22.0,0.0,0.0,1911.0,434.0,485.0,242.0,728.0,492.0,919.0,53.53645266594123,79.21653971708379,3.7975206611570247,47.22524483133841,52.77475516866159
2020-01-01,Management,All,Chhattisgarh,21.0,0.0,0.0,1741.0,495.0,578.0,249.0,526.0,397.0,1073.0,36.99906803355079,49.021435228331775,4.309236947791165,46.13233923578751,53.86766076421249
2021-01-01,Management,All,Chhattisgarh,20.0,0.0,0.0,1759.0,516.0,592.0,247.0,634.0,269.0,1108.0,24.27797833935018,57.2202166064982,4.48582995951417,46.57039711191336,53.42960288808665
2013-01-01,Pharmacy,All,Chhattisgarh,11.0,0.0,0.0,1026.0,261.0,367.0,173.0,468.0,120.0,628.0,19.10828025477707,74.52229299363057,3.6300578034682083,41.56050955414013,58.439490445859875
2014-01-01,Pharmacy,All,Chhattisgarh,11.0,0.0,0.0,966.0,173.0,539.0,204.0,446.0,166.0,712.0,23.314606741573034,62.64044943820225,3.4901960784313726,24.297752808988765,75.70224719101124
2015-01-01,Pharmacy,All,Chhattisgarh,11.0,0.0,0.0,966.0,225.0,587.0,240.0,451.0,115.0,812.0,14.16256157635468,55.54187192118226,3.3833333333333333,27.70935960591133,72.29064039408867
2016-01-01,Pharmacy,All,Chhattisgarh,12.0,0.0,0.0,1008.0,216.0,528.0,250.0,540.0,94.0,744.0,12.634408602150538,72.58064516129032,2.976,29.03225806451613,70.96774193548387
2017-01-01,Pharmacy,All,Chhattisgarh,12.0,0.0,0.0,1048.0,241.0,598.0,225.0,547.0,246.0,839.0,29.32061978545888,65.19666269368297,3.7288888888888887,28.72467222884386,71.27532777115614
2018-01-01,Pharmacy,All,Chhattisgarh,12.0,0.0,0.0,1032.0,236.0,664.0,270.0,659.0,239.0,900.0,26.555555555555554,73.22222222222223,3.3333333333333335,26.222222222222225,73.77777777777777
2019-01-01,Pharmacy,All,Chhattisgarh,17.0,0.0,0.0,1332.0,352.0,880.0,309.0,391.0,226.0,1232.0,18.344155844155843,31.737012987012985,3.98705501618123,28.57142857142857,71.42857142857143
2020-01-01,Pharmacy,All,Chhattisgarh,27.0,0.0,0.0,2132.0,320.0,624.0,498.0,157.0,137.0,944.0,14.51271186440678,16.63135593220339,1.895582329317269,33.89830508474576,66.10169491525424
2021-01-01,Pharmacy,All,Chhattisgarh,9.0,0.0,0.0,700.0,120.0,265.0,303.0,610.0,75.0,385.0,19.480519480519483,158.44155844155844,1.2706270627062706,31.16883116883117,68.83116883116884
2013-01-01,Pharmacy,Government,Delhi,2.0,0.0,0.0,180.0,79.0,80.0,13.0,171.0,84.0,159.0,52.83018867924528,107.54716981132076,12.23076923076923,49.685534591194966,50.314465408805034
2014-01-01,Pharmacy,Government,Delhi,2.0,0.0,0.0,180.0,84.0,71.0,11.0,168.0,65.0,155.0,41.935483870967744,108.38709677419357,14.090909090909092,54.19354838709678,45.806451612903224
2015-01-01,Pharmacy,Government,Delhi,2.0,0.0,0.0,180.0,79.0,86.0,11.0,167.0,52.0,165.0,31.515151515151512,101.21212121212122,15.0,47.878787878787875,52.121212121212125
2016-01-01,Pharmacy,Government,Delhi,2.0,0.0,0.0,180.0,85.0,83.0,12.0,170.0,98.0,168.0,58.333333333333336,101.19047619047619,14.0,50.595238095238095,49.404761904761905
2017-01-01,Pharmacy,Government,Delhi,2.0,0.0,0.0,180.0,82.0,82.0,10.0,171.0,24.0,164.0,14.634146341463413,104.26829268292683,16.4,50.0,50.0
2018-01-01,Pharmacy,Government,Delhi,2.0,0.0,0.0,180.0,70.0,107.0,12.0,176.0,36.0,177.0,20.33898305084746,99.43502824858757,14.75,39.548022598870055,60.451977401129945
2019-01-01,Pharmacy,Government,Delhi,3.0,1.0,0.0,240.0,109.0,131.0,9.0,170.0,84.0,240.0,35.0,70.83333333333334,26.666666666666668,45.416666666666664,54.58333333333333
2020-01-01,Pharmacy,Government,Delhi,3.0,1.0,0.0,240.0,104.0,135.0,35.0,180.0,116.0,239.0,48.53556485355649,75.31380753138075,6.828571428571428,43.51464435146444,56.48535564853556
2021-01-01,Pharmacy,Government,Delhi,3.0,0.0,0.0,240.0,109.0,133.0,41.0,175.0,47.0,242.0,19.421487603305785,72.31404958677686,5.902439024390244,45.04132231404959,54.958677685950406
2013-01-01,Pharmacy,Private,Delhi,1.0,0.0,0.0,60.0,28.0,16.0,0.0,23.0,12.0,44.0,27.27272727272727,52.27272727272727,inf,63.63636363636363,36.36363636363637
2014-01-01,Pharmacy,Private,Delhi,1.0,0.0,0.0,60.0,1.0,56.0,36.0,31.0,14.0,57.0,24.561403508771928,54.385964912280706,1.5833333333333333,1.7543859649122806,98.24561403508771
2015-01-01,Pharmacy,Private,Delhi,1.0,0.0,0.0,60.0,16.0,42.0,19.0,28.0,8.0,58.0,13.793103448275861,48.275862068965516,3.0526315789473686,27.586206896551722,72.41379310344827
2016-01-01,Pharmacy,Private,Delhi,4.0,2.0,0.0,240.0,88.0,132.0,20.0,142.0,28.0,220.0,12.727272727272727,64.54545454545455,11.0,40.0,60.0
2017-01-01,Pharmacy,Private,Delhi,4.0,0.0,0.0,240.0,84.0,155.0,44.0,98.0,26.0,239.0,10.87866108786611,41.00418410041841,5.431818181818182,35.146443514644346,64.85355648535564
2018-01-01,Pharmacy,Private,Delhi,4.0,0.0,0.0,240.0,63.0,167.0,39.0,157.0,73.0,230.0,31.73913043478261,68.26086956521739,5.897435897435898,27.391304347826086,72.60869565217392
2019-01-01,Pharmacy,Private,Delhi,4.0,0.0,0.0,240.0,56.0,124.0,38.0,174.0,72.0,180.0,40.0,96.66666666666667,4.7368421052631575,31.11111111111111,68.88888888888889
2020-01-01,Pharmacy,Private,Delhi,4.0,1.0,0.0,240.0,74.0,157.0,33.0,56.0,57.0,231.0,24.675324675324674,24.242424242424242,7.0,32.03463203463203,67.96536796536796
2021-01-01,Pharmacy,Private,Delhi,4.0,1.0,0.0,280.0,101.0,193.0,31.0,118.0,46.0,294.0,15.646258503401361,40.136054421768705,9.483870967741936,34.35374149659864,65.64625850340136
2013-01-01,Engineering,Government,Delhi,10.0,0.0,0.0,2912.0,467.0,2614.0,501.0,1921.0,1027.0,3081.0,33.33333333333333,62.34988640051932,6.149700598802395,15.157416423239209,84.84258357676079
2014-01-01,Engineering,Government,Delhi,10.0,0.0,0.0,4447.0,543.0,2614.0,501.0,2168.0,1239.0,3157.0,39.24611973392461,68.67279062401013,6.301397205588822,17.199873297434273,82.80012670256572
2015-01-01,Engineering,Government,Delhi,8.0,0.0,0.0,3625.0,481.0,2861.0,627.0,1871.0,1171.0,3342.0,35.038898862956316,55.984440454817474,5.330143540669856,14.392579293836027,85.60742070616398
2016-01-01,Engineering,Government,Delhi,9.0,0.0,0.0,3805.0,487.0,3190.0,565.0,3002.0,2182.0,3677.0,59.341854772912704,81.64264345934185,6.5079646017699115,13.244492793037802,86.7555072069622
2017-01-01,Engineering,Government,Delhi,9.0,0.0,0.0,3835.0,471.0,3118.0,369.0,1871.0,1871.0,3589.0,52.13151295625522,52.13151295625522,9.72628726287263,13.123432711061579,86.87656728893842
2018-01-01,Engineering,Government,Delhi,9.0,0.0,0.0,3855.0,391.0,2534.0,704.0,2062.0,1175.0,2925.0,40.17094017094017,70.4957264957265,4.154829545454546,13.367521367521368,86.63247863247864
2019-01-01,Engineering,Government,Delhi,9.0,0.0,0.0,3938.0,332.0,1933.0,745.0,1753.0,1455.0,2265.0,64.23841059602648,77.39514348785872,3.040268456375839,14.657836644591612,85.34216335540839
2020-01-01,Engineering,Government,Delhi,10.0,1.0,0.0,4448.0,551.0,3498.0,1181.0,585.0,2732.0,4049.0,67.47345023462583,14.448011854778958,3.428450465707028,13.608298345270436,86.39170165472956
2021-01-01,Engineering,Government,Delhi,10.0,1.0,0.0,5109.0,375.0,2356.0,1354.0,1373.0,1267.0,2731.0,46.3932625411937,50.27462467960454,2.01698670605613,13.731233980227023,86.26876601977298
2013-01-01,Engineering,Private,Delhi,8.0,0.0,0.0,4620.0,685.0,3486.0,937.0,3120.0,1455.0,4171.0,34.883720930232556,74.80220570606569,4.451440768409818,16.42292016303045,83.57707983696955
2014-01-01,Engineering,Private,Delhi,8.0,0.0,0.0,4560.0,549.0,3021.0,1192.0,3153.0,1780.0,3570.0,49.85994397759104,88.31932773109243,2.9949664429530203,15.378151260504202,84.6218487394958
2015-01-01,Engineering,Private,Delhi,8.0,0.0,0.0,5340.0,779.0,3674.0,1351.0,4124.0,2603.0,4453.0,58.45497417471368,92.61172243431395,3.2960769800148038,17.493824388052996,82.506175611947
2016-01-01,Engineering,Private,Delhi,9.0,1.0,0.0,5460.0,775.0,4249.0,1271.0,4576.0,2760.0,5024.0,54.93630573248408,91.0828025477707,3.95279307631786,15.425955414012737,84.57404458598727
2017-01-01,Engineering,Private,Delhi,7.0,0.0,0.0,4620.0,712.0,3792.0,2563.0,4382.0,2558.0,4504.0,56.793960923623445,97.29129662522202,1.7573156457276629,15.808170515097691,84.19182948490231
2018-01-01,Engineering,Private,Delhi,9.0,1.0,0.0,5340.0,831.0,4042.0,1233.0,4498.0,2236.0,4873.0,45.88549148368561,92.30453519392572,3.9521492295214924,17.05315001026062,82.94684998973938
2019-01-01,Engineering,Private,Delhi,8.0,0.0,0.0,5160.0,734.0,3973.0,1045.0,4316.0,2746.0,4707.0,58.338644571914166,91.69322285957085,4.504306220095693,15.593796473337582,84.40620352666241
2020-01-01,Engineering,Private,Delhi,7.0,0.0,0.0,5250.0,584.0,2992.0,1081.0,3739.0,2766.0,3576.0,77.3489932885906,104.55816554809843,3.3080481036077707,16.331096196868007,83.66890380313198
2021-01-01,Engineering,Private,Delhi,7.0,0.0,0.0,5100.0,694.0,3274.0,1132.0,4046.0,2926.0,3968.0,73.73991935483872,101.96572580645163,3.5053003533568905,17.489919354838708,82.51008064516128
2013-01-01,Management,Private,Delhi,35.0,1.0,0.0,9875.0,2401.0,3604.0,530.0,4768.0,3054.0,6005.0,50.857618651124056,79.40049958368026,11.330188679245284,39.98334721065778,60.01665278934222
2014-01-01,Management,Private,Delhi,36.0,1.0,0.0,9815.0,2337.0,3491.0,725.0,4361.0,3623.0,5828.0,62.165408373369935,74.82841455044613,8.038620689655172,40.09951956074125,59.90048043925875
2015-01-01,Management,Private,Delhi,36.0,1.0,0.0,10150.0,2268.0,3389.0,939.0,4862.0,4071.0,5657.0,71.96393848329504,85.94661481350539,6.024494142705005,40.091921513169524,59.908078486830476
2016-01-01,Management,Private,Delhi,35.0,0.0,0.0,9400.0,2435.0,3472.0,917.0,4584.0,3717.0,5907.0,62.925342813610975,77.60284408329102,6.441657579062159,41.22227865244625,58.777721347553744
2017-01-01,Management,Private,Delhi,35.0,0.0,0.0,9460.0,2583.0,3384.0,1332.0,5522.0,3665.0,5967.0,61.421149656443774,92.54231607172784,4.47972972972973,43.288084464555055,56.711915535444945
2018-01-01,Management,Private,Delhi,35.0,0.0,0.0,9340.0,2668.0,3608.0,870.0,4810.0,3893.0,6276.0,62.029955385595926,76.64117272147864,7.213793103448276,42.51115360101976,57.48884639898024
2019-01-01,Management,Private,Delhi,35.0,2.0,0.0,9550.0,2264.0,2999.0,799.0,4560.0,4043.0,5263.0,76.81930457913737,86.64259927797833,6.5869837296620775,43.01729051871556,56.982709481284445
2020-01-01,Management,Private,Delhi,35.0,0.0,0.0,7491.0,1696.0,2146.0,819.0,3801.0,3832.0,3842.0,99.73971889640812,98.9328474752733,4.691086691086691,44.143675169182714,55.856324830817286
2021-01-01,Management,Private,Delhi,38.0,1.0,0.0,7876.0,1774.0,2447.0,890.0,4391.0,2359.0,4221.0,55.88723051409619,104.02748163942195,4.742696629213484,42.02795546079128,57.972044539208724
2013-01-01,Management,Government,Delhi,4.0,0.0,0.0,318.0,119.0,113.0,39.0,108.0,81.0,232.0,34.91379310344828,46.55172413793103,5.948717948717949,51.293103448275865,48.706896551724135
2014-01-01,Management,Government,Delhi,6.0,0.0,0.0,649.0,214.0,276.0,47.0,314.0,290.0,490.0,59.183673469387756,64.08163265306122,10.425531914893616,43.673469387755105,56.326530612244895
2015-01-01,Management,Government,Delhi,6.0,0.0,0.0,649.0,153.0,268.0,21.0,293.0,196.0,421.0,46.55581947743468,69.59619952494062,20.047619047619047,36.342042755344416,63.657957244655584
2016-01-01,Management,Government,Delhi,7.0,0.0,0.0,709.0,175.0,269.0,16.0,403.0,242.0,444.0,54.5045045045045,90.76576576576578,27.75,39.414414414414416,60.58558558558559
2017-01-01,Management,Government,Delhi,6.0,0.0,0.0,616.0,173.0,278.0,20.0,330.0,176.0,451.0,39.02439024390244,73.17073170731707,22.55,38.35920177383592,61.64079822616409
2018-01-01,Management,Government,Delhi,6.0,0.0,0.0,616.0,164.0,244.0,6.0,359.0,197.0,408.0,48.28431372549019,87.99019607843137,68.0,40.19607843137255,59.80392156862745
2019-01-01,Management,Government,Delhi,6.0,0.0,0.0,616.0,243.0,237.0,19.0,360.0,272.0,480.0,56.666666666666664,75.0,25.263157894736842,50.625,49.375
2020-01-01,Management,Government,Delhi,6.0,0.0,0.0,676.0,266.0,361.0,34.0,341.0,304.0,627.0,48.484848484848484,54.385964912280706,18.441176470588236,42.42424242424242,57.57575757575758
2021-01-01,Management,Government,Delhi,6.0,0.0,0.0,711.0,155.0,325.0,54.0,386.0,243.0,480.0,50.625,80.41666666666667,8.88888888888889,32.29166666666667,67.70833333333334
2013-01-01,Engineering,All,Delhi,18.0,0.0,0.0,7532.0,1152.0,6100.0,1438.0,5041.0,2482.0,7252.0,34.22504136789851,69.51185879757308,5.043115438108484,15.88527302813017,84.11472697186983
2014-01-01,Engineering,All,Delhi,18.0,0.0,0.0,9007.0,1083.0,6033.0,1807.0,5321.0,3019.0,7116.0,42.425519955030914,74.77515458122541,3.9380188157166574,15.219224283305227,84.78077571669476
2015-01-01,Engineering,All,Delhi,16.0,0.0,0.0,8965.0,1260.0,6535.0,1978.0,5995.0,3774.0,7795.0,48.41565105837075,76.90827453495831,3.940849342770475,16.164207825529186,83.83579217447081
2016-01-01,Engineering,All,Delhi,18.0,1.0,0.0,9265.0,1262.0,7439.0,1836.0,7578.0,4942.0,8701.0,56.79806918744972,87.09343753591541,4.739106753812636,14.504079990805655,85.49592000919435
2017-01-01,Engineering,All,Delhi,16.0,0.0,0.0,8455.0,1183.0,6910.0,2563.0,6253.0,3532.0,8093.0,43.64265414555789,77.26430248362782,3.1576277799453765,14.617570740145805,85.38242925985419
2018-01-01,Engineering,All,Delhi,18.0,1.0,0.0,9195.0,1222.0,6576.0,1937.0,6560.0,3411.0,7798.0,43.74198512439087,84.12413439343422,4.025813113061435,15.670684790972045,84.32931520902795
2019-01-01,Engineering,All,Delhi,17.0,0.0,0.0,9098.0,1066.0,5906.0,1790.0,6069.0,4201.0,6972.0,60.255306942053934,87.04819277108435,3.8949720670391064,15.289730349971315,84.71026965002869
2020-01-01,Engineering,All,Delhi,17.0,1.0,0.0,9698.0,1135.0,6490.0,2262.0,4324.0,5498.0,7625.0,72.10491803278688,56.708196721311474,3.3709106984969055,14.885245901639344,85.11475409836066
2021-01-01,Engineering,All,Delhi,17.0,1.0,0.0,10209.0,1069.0,5630.0,2486.0,6131.0,4193.0,6699.0,62.5914315569488,91.52112255560532,2.6946902654867255,15.957605612778025,84.04239438722198
2013-01-01,Management,All,Delhi,39.0,1.0,0.0,10193.0,2520.0,3717.0,569.0,4876.0,3135.0,6237.0,50.264550264550266,78.17861151194484,10.961335676625659,40.4040404040404,59.59595959595959
2014-01-01,Management,All,Delhi,40.5,1.0,0.0,10464.0,2551.0,3767.0,772.0,4675.0,3913.0,6318.0,61.934156378600825,73.99493510604623,8.183937823834198,40.376701487812596,59.623298512187404
2015-01-01,Management,All,Delhi,40.5,1.0,0.0,10799.0,2421.0,3657.0,960.0,5155.0,4267.0,6078.0,70.20401447844685,84.81408358012504,6.33125,39.83218163869694,60.16781836130306
2016-01-01,Management,All,Delhi,40.5,0.0,0.0,10109.0,2610.0,3741.0,933.0,4987.0,3959.0,6351.0,62.336639899228466,78.52306723350654,6.807073954983923,41.0958904109589,58.9041095890411
2017-01-01,Management,All,Delhi,40.5,0.0,0.0,10076.0,2756.0,3662.0,1352.0,5852.0,3841.0,6418.0,59.84730445621689,91.18105328762854,4.747041420118343,42.94172639451542,57.05827360548458
2018-01-01,Management,All,Delhi,40.5,0.0,0.0,9956.0,2832.0,3852.0,876.0,5169.0,4090.0,6684.0,61.19090365050867,77.33393177737882,7.63013698630137,42.36983842010772,57.63016157989228
2019-01-01,Management,All,Delhi,40.5,2.0,0.0,10166.0,2507.0,3236.0,818.0,4920.0,4315.0,5743.0,75.13494689186835,85.66951070868883,7.02078239608802,43.653142956642874,56.34685704335713
2020-01-01,Management,All,Delhi,40.5,0.0,0.0,8167.0,1962.0,2507.0,853.0,4142.0,4136.0,4469.0,92.54866860595212,92.6829268292683,5.23915592028136,43.90243902439025,56.09756097560976
2021-01-01,Management,All,Delhi,40.5,1.0,0.0,8587.0,1929.0,2772.0,944.0,4462.0,2602.0,4701.0,55.349925547755795,94.91597532439906,4.9798728813559325,41.033822590938094,58.966177409061906
2013-01-01,Pharmacy,All,Delhi,3.0,0.0,0.0,240.0,79.0,80.0,33.0,171.0,84.0,159.0,52.83018867924528,107.54716981132076,4.818181818181818,49.685534591194966,50.314465408805034
2014-01-01,Pharmacy,All,Delhi,2.0,0.0,0.0,180.0,84.0,71.0,35.0,168.0,65.0,155.0,41.935483870967744,108.38709677419357,4.428571428571429,54.19354838709678,45.806451612903224
2015-01-01,Pharmacy,All,Delhi,2.0,0.0,0.0,180.0,79.0,86.0,28.0,167.0,52.0,165.0,31.515151515151512,101.21212121212122,5.892857142857143,47.878787878787875,52.121212121212125
2016-01-01,Pharmacy,All,Delhi,2.0,0.0,0.0,180.0,85.0,83.0,28.0,170.0,98.0,168.0,58.333333333333336,101.19047619047619,6.0,50.595238095238095,49.404761904761905
2017-01-01,Pharmacy,All,Delhi,2.0,0.0,0.0,180.0,82.0,82.0,185.0,171.0,24.0,164.0,14.634146341463413,104.26829268292683,0.8864864864864865,50.0,50.0
2018-01-01,Pharmacy,All,Delhi,2.0,0.0,0.0,180.0,70.0,107.0,28.0,176.0,36.0,177.0,20.33898305084746,99.43502824858757,6.321428571428571,39.548022598870055,60.451977401129945
2019-01-01,Pharmacy,All,Delhi,3.0,1.0,0.0,240.0,109.0,131.0,37.0,170.0,84.0,240.0,35.0,70.83333333333334,6.486486486486487,45.416666666666664,54.58333333333333
2020-01-01,Pharmacy,All,Delhi,3.0,0.0,0.0,240.0,104.0,135.0,93.0,180.0,116.0,239.0,48.53556485355649,75.31380753138075,2.5698924731182795,43.51464435146444,56.48535564853556
2021-01-01,Pharmacy,All,Delhi,3.0,0.0,0.0,240.0,109.0,133.0,104.0,173.0,47.0,242.0,19.421487603305785,71.48760330578511,2.326923076923077,45.04132231404959,54.958677685950406
2013-01-01,Pharmacy,Government,Gujarat,4.0,0.0,0.0,225.0,105.0,97.0,55.0,199.0,35.0,202.0,17.326732673267326,98.51485148514851,3.672727272727273,51.98019801980198,48.01980198019802
2014-01-01,Pharmacy,Government,Gujarat,4.0,0.0,0.0,285.0,104.0,96.0,63.0,203.0,44.0,200.0,22.0,101.49999999999999,3.1746031746031744,52.0,48.0
2015-01-01,Pharmacy,Government,Gujarat,5.0,0.0,0.0,345.0,104.0,96.0,63.0,183.0,58.0,200.0,28.999999999999996,91.5,3.1746031746031744,52.0,48.0
2016-01-01,Pharmacy,Government,Gujarat,6.0,0.0,0.0,405.0,136.0,176.0,63.0,186.0,31.0,312.0,9.935897435897436,59.61538461538461,4.9523809523809526,43.58974358974359,56.41025641025641
2017-01-01,Pharmacy,Government,Gujarat,6.0,0.0,0.0,405.0,144.0,146.0,63.0,247.0,56.0,290.0,19.310344827586206,85.17241379310346,4.603174603174603,49.6551724137931,50.3448275862069
2018-01-01,Pharmacy,Government,Gujarat,6.0,0.0,0.0,385.0,154.0,200.0,70.0,323.0,123.0,354.0,34.74576271186441,91.24293785310734,5.057142857142857,43.50282485875706,56.49717514124294
2019-01-01,Pharmacy,Government,Gujarat,7.0,0.0,0.0,415.0,179.0,216.0,88.0,354.0,71.0,395.0,17.974683544303797,89.62025316455696,4.488636363636363,45.31645569620253,54.68354430379747
2020-01-01,Pharmacy,Government,Gujarat,9.0,2.0,0.0,535.0,240.0,333.0,117.0,316.0,140.0,573.0,24.43280977312391,55.14834205933682,4.897435897435898,41.8848167539267,58.1151832460733
2021-01-01,Pharmacy,Government,Gujarat,9.0,0.0,0.0,535.0,208.0,246.0,124.0,323.0,59.0,454.0,12.995594713656388,71.1453744493392,3.661290322580645,45.81497797356828,54.18502202643172
2013-01-01,Pharmacy,Private,Gujarat,75.0,0.0,0.0,6060.0,1085.0,850.0,849.0,2450.0,695.0,1935.0,35.917312661498705,126.61498708010338,2.2791519434628977,56.07235142118863,43.927648578811365
2014-01-01,Pharmacy,Private,Gujarat,74.0,0.0,2.0,5580.0,1068.0,736.0,1106.0,1916.0,501.0,1804.0,27.77161862527716,106.20842572062084,1.6311030741410488,59.20177383592018,40.79822616407982
2015-01-01,Pharmacy,Private,Gujarat,67.0,0.0,2.0,5160.0,1322.0,1011.0,1254.0,1516.0,537.0,2333.0,23.017573939134163,64.9807115302186,1.8604465709728868,56.665237891127305,43.334762108872695
2016-01-01,Pharmacy,Private,Gujarat,65.0,0.0,2.5,5040.0,1655.0,1410.0,1157.0,1444.0,413.0,3065.0,13.474714518760194,47.11256117455139,2.6490924805531546,53.996737357259384,46.00326264274062
2017-01-01,Pharmacy,Private,Gujarat,63.0,0.0,1.0,5030.0,1609.0,1680.0,1109.0,1301.0,382.0,3289.0,11.614472484037702,39.55609607783521,2.9657348963029757,48.92064457281848,51.07935542718152
2018-01-01,Pharmacy,Private,Gujarat,62.0,1.0,0.0,5130.0,1693.0,1879.0,1298.0,1635.0,530.0,3572.0,14.837625979843224,45.77267637178051,2.751926040061633,47.39641657334827,52.60358342665173
2019-01-01,Pharmacy,Private,Gujarat,58.0,0.0,0.0,4310.0,1739.0,1918.0,1245.0,1736.0,696.0,3657.0,19.031993437243642,47.47060432048127,2.9373493975903613,47.55263877495214,52.44736122504785
2020-01-01,Pharmacy,Private,Gujarat,58.0,2.0,1.0,4265.0,1611.0,1946.0,1476.0,1568.0,513.0,3557.0,14.422265954456002,44.08209165026708,2.4098915989159893,45.2909755411864,54.7090244588136
2021-01-01,Pharmacy,Private,Gujarat,50.0,0.0,0.0,3890.0,1421.0,1703.0,1384.0,1250.0,601.0,3124.0,19.238156209987196,40.01280409731114,2.2572254335260116,45.486555697823306,54.513444302176694
2013-01-01,Engineering,Government,Gujarat,20.0,0.0,0.0,11265.0,2542.0,8197.0,1149.0,8750.0,1535.0,10739.0,14.293695874848684,81.47872241363255,9.34638816362054,23.670732842909022,76.32926715709097
2014-01-01,Engineering,Government,Gujarat,19.0,1.0,0.0,11025.0,1995.0,8820.0,1624.0,9859.0,1561.0,10815.0,14.433656957928804,91.16042533518261,6.6594827586206895,18.446601941747574,81.55339805825243
2015-01-01,Engineering,Government,Gujarat,20.0,1.0,0.0,11265.0,1648.0,9088.0,1953.0,10319.0,1774.0,10736.0,16.523845007451566,96.11587183308494,5.497183819764465,15.350223546944857,84.64977645305514
2016-01-01,Engineering,Government,Gujarat,20.0,1.0,0.0,11325.0,1667.0,8955.0,1614.0,10312.0,1704.0,10622.0,16.042176614573528,97.0815289022783,6.581164807930607,15.693842967426097,84.3061570325739
2017-01-01,Engineering,Government,Gujarat,20.0,0.0,0.0,11325.0,1403.0,8733.0,1510.0,10305.0,1399.0,10136.0,13.802288871349644,101.66732438831887,6.712582781456954,13.841752170481453,86.15824782951856
2018-01-01,Engineering,Government,Gujarat,20.0,0.0,0.0,11325.0,1291.0,8650.0,1813.0,10757.0,2017.0,9941.0,20.2897092847802,108.2084297354391,5.483177054605626,12.986621064279246,87.01337893572075
2019-01-01,Engineering,Government,Gujarat,20.0,0.0,0.0,11325.0,1091.0,7960.0,1820.0,10731.0,2286.0,9051.0,25.25687769307259,118.5614849187935,4.973076923076923,12.053916694287924,87.94608330571208
2020-01-01,Engineering,Government,Gujarat,20.0,0.0,0.0,11175.0,1178.0,8216.0,3223.5,12916.0,2189.0,9394.0,23.302107728337237,137.49201618054076,2.9142236699239956,12.539919097296146,87.46008090270385
2021-01-01,Engineering,Government,Gujarat,21.0,1.0,0.0,9555.0,1011.0,6738.0,3223.5,11736.0,1923.0,7749.0,24.81610530391018,151.45180023228804,2.403908794788274,13.046844754161826,86.95315524583818
2013-01-01,Engineering,Private,Gujarat,90.0,5.0,0.0,32692.5,6732.5,20775.0,3223.5,17733.0,4464.0,23834.0,18.729546026684567,74.4021146261643,7.393826586008997,28.247461609465468,87.1653939749937
2014-01-01,Engineering,Private,Gujarat,91.0,2.0,0.0,32692.5,6604.0,20775.0,3223.5,21858.0,5673.0,23834.0,23.802131408911638,91.709322816145,7.393826586008997,27.70831585130486,87.1653939749937
2015-01-01,Engineering,Private,Gujarat,100.0,5.0,0.0,32692.5,5793.0,20775.0,3223.5,24726.5,7186.0,23834.0,30.15020558865486,103.74465049928673,7.393826586008997,24.305613828983805,87.1653939749937
2016-01-01,Engineering,Private,Gujarat,103.0,4.0,0.0,32692.5,4543.0,20775.0,3223.5,24726.5,8156.0,23834.0,34.22002181757154,103.74465049928673,7.393826586008997,19.06100528656541,87.1653939749937
2017-01-01,Engineering,Private,Gujarat,108.0,4.0,1.0,32692.5,4334.0,20775.0,3223.5,24726.5,9550.5,23834.0,40.0709071074935,103.74465049928673,7.393826586008997,18.184106738273055,87.1653939749937
2018-01-01,Engineering,Private,Gujarat,111.0,5.0,0.0,32692.5,3257.0,20380.0,3223.5,24726.5,9464.0,23637.0,40.038922029022295,104.60929898041206,7.332712889716147,13.779244404958327,86.22075559504168
2019-01-01,Engineering,Private,Gujarat,106.0,0.0,2.0,32692.5,3112.0,16050.0,3223.5,24726.5,9550.5,19162.0,49.840830810980066,129.0392443377518,5.944470296261827,16.24047594196848,83.75952405803152
2020-01-01,Engineering,Private,Gujarat,107.0,3.0,2.0,32692.5,3224.0,15306.0,3223.5,23072.0,9550.5,18530.0,51.540744738262276,124.51160280626013,5.74841011323096,17.398812736103615,82.60118726389638
2021-01-01,Engineering,Private,Gujarat,103.0,1.0,0.0,32692.5,3400.0,13566.0,3223.5,16689.0,7947.0,16966.0,46.84074030413768,98.36732288105623,5.263223204591283,20.04008016032064,79.95991983967936
2013-01-01,Management,Private,Gujarat,127.0,4.0,0.0,15774.0,2958.0,4369.0,1227.0,5457.0,3482.0,7327.0,47.5228606523816,74.47795823665894,5.9714751426242865,40.37122969837587,59.62877030162414
2014-01-01,Management,Private,Gujarat,113.0,1.0,2.5,15241.0,2697.0,4331.0,1534.0,5294.0,3739.0,7028.0,53.201479795105286,75.3272623790552,4.581486310299869,38.37507114399545,61.62492885600456
2015-01-01,Management,Private,Gujarat,103.0,1.0,1.0,13994.0,2696.0,4369.0,1812.0,5616.0,3702.0,7065.0,52.39915074309979,79.49044585987262,3.8990066225165565,38.159943382873315,61.840056617126685
2016-01-01,Management,Private,Gujarat,93.0,1.0,2.5,12833.0,2674.0,3989.0,1626.0,5514.0,3599.0,6663.0,54.01470808944919,82.75551553354344,4.097785977859779,40.13207263995197,59.86792736004802
2017-01-01,Management,Private,Gujarat,88.0,3.0,2.5,12173.0,2805.0,3598.0,1520.0,5102.0,3421.0,6403.0,53.428080587224734,79.68139934405747,4.2125,43.80759019209746,56.19240980790254
2018-01-01,Management,Private,Gujarat,86.0,1.0,0.0,11843.0,3195.0,3509.0,1622.0,5330.0,3424.0,6704.0,51.07398568019092,79.50477326968974,4.133168927250308,47.658114558472555,52.341885441527445
2019-01-01,Management,Private,Gujarat,84.0,1.0,0.0,10667.0,3345.0,3754.0,1232.0,5249.0,3817.0,7099.0,53.76813635723341,73.93999154810537,5.762175324675325,47.119312579236514,52.880687420763486
2020-01-01,Management,Private,Gujarat,81.0,1.0,0.0,9908.0,3584.0,3936.0,1235.0,4748.0,4108.0,7520.0,54.62765957446809,63.138297872340424,6.089068825910931,47.65957446808511,52.34042553191489
2021-01-01,Management,Private,Gujarat,83.0,0.0,0.0,10021.0,3311.0,3845.0,1248.0,4942.0,3283.0,7156.0,45.877585243152595,69.06092789267747,5.733974358974359,46.26886528787032,53.73113471212968
2013-01-01,Management,Government,Gujarat,6.0,0.0,0.0,422.0,58.0,190.0,41.0,215.0,98.0,248.0,39.516129032258064,86.69354838709677,6.048780487804878,23.387096774193548,76.61290322580645
2014-01-01,Management,Government,Gujarat,6.0,0.0,0.0,422.0,60.0,188.0,40.0,117.0,88.0,248.0,35.483870967741936,47.17741935483871,6.2,24.193548387096776,75.80645161290323
2015-01-01,Management,Government,Gujarat,5.0,0.0,0.0,442.0,55.0,146.0,39.0,161.0,86.0,201.0,42.78606965174129,80.09950248756219,5.153846153846154,27.363184079601986,72.636815920398
2016-01-01,Management,Government,Gujarat,7.0,0.0,0.0,642.0,147.0,378.0,39.0,300.0,249.0,525.0,47.42857142857143,57.14285714285714,13.461538461538462,28.000000000000004,72.0
2017-01-01,Management,Government,Gujarat,5.0,0.0,0.0,412.0,94.0,156.0,29.0,262.0,134.0,250.0,53.6,104.80000000000001,8.620689655172415,37.6,62.4
2018-01-01,Management,Government,Gujarat,6.0,0.0,0.0,492.0,149.0,254.0,39.0,346.0,210.0,403.0,52.10918114143921,85.8560794044665,10.333333333333334,36.972704714640194,63.0272952853598
2019-01-01,Management,Government,Gujarat,8.0,1.0,0.0,612.0,199.0,303.0,43.0,411.0,266.0,502.0,52.98804780876494,81.87250996015936,11.674418604651162,39.6414342629482,60.3585657370518
2020-01-01,Management,Government,Gujarat,8.0,0.0,0.0,642.0,235.0,386.0,44.0,425.0,284.0,621.0,45.73268921095008,68.43800322061192,14.113636363636363,37.84219001610306,62.15780998389694
2021-01-01,Management,Government,Gujarat,8.0,1.0,0.0,657.0,218.0,353.0,38.0,403.0,177.0,571.0,30.998248686514884,70.57793345008757,15.026315789473685,38.17863397548161,61.82136602451839
2013-01-01,Engineering,All,Gujarat,110.0,5.0,0.0,32692.5,6732.5,20775.0,3223.5,24726.5,5999.0,23834.0,25.169925316774354,103.74465049928673,7.393826586008997,28.247461609465468,87.1653939749937
2014-01-01,Engineering,All,Gujarat,110.0,2.0,0.0,32692.5,6732.5,20775.0,3223.5,24726.5,7234.0,23834.0,30.35159855668373,103.74465049928673,7.393826586008997,28.247461609465468,87.1653939749937
2015-01-01,Engineering,All,Gujarat,120.0,5.0,0.0,32692.5,6732.5,20775.0,3223.5,24726.5,8960.0,23834.0,37.593354032055046,103.74465049928673,7.393826586008997,28.247461609465468,87.1653939749937
2016-01-01,Engineering,All,Gujarat,123.0,5.0,0.0,32692.5,6210.0,20775.0,3223.5,24726.5,9550.5,23834.0,40.0709071074935,103.74465049928673,7.393826586008997,26.05521523873458,87.1653939749937
2017-01-01,Engineering,All,Gujarat,128.0,4.0,1.0,32692.5,5737.0,20775.0,3223.5,24726.5,9550.5,23834.0,40.0709071074935,103.74465049928673,7.393826586008997,24.07065536628346,87.1653939749937
2018-01-01,Engineering,All,Gujarat,131.0,5.0,0.0,32692.5,4548.0,20775.0,3223.5,24726.5,9550.5,23834.0,40.0709071074935,103.74465049928673,7.393826586008997,19.081983720735085,87.1653939749937
2019-01-01,Engineering,All,Gujarat,126.0,0.0,2.0,32692.5,4203.0,20775.0,3223.5,24726.5,9550.5,23834.0,40.0709071074935,103.74465049928673,7.393826586008997,17.634471763027605,87.1653939749937
2020-01-01,Engineering,All,Gujarat,127.0,3.0,2.0,32692.5,4402.0,20775.0,3223.5,24726.5,9550.5,23834.0,40.0709071074935,103.74465049928673,7.393826586008997,18.469413442980617,87.1653939749937
2021-01-01,Engineering,All,Gujarat,124.0,2.0,0.0,32692.5,4411.0,20304.0,3223.5,24726.5,9550.5,23834.0,40.0709071074935,103.74465049928673,7.393826586008997,18.507174624486026,85.18922547621045
2013-01-01,Management,All,Gujarat,133.0,4.0,0.0,16196.0,3016.0,4559.0,1268.0,5672.0,3580.0,7575.0,47.26072607260726,74.87788778877888,5.9739747634069404,39.81518151815182,60.18481848184819
2014-01-01,Management,All,Gujarat,119.0,1.0,2.5,15663.0,2757.0,4519.0,1574.0,5471.0,3827.0,7276.0,52.59758108851017,75.19241341396372,4.622617534942821,37.891698735568994,62.108301264431006
2015-01-01,Management,All,Gujarat,108.0,1.0,1.0,14436.0,2751.0,4515.0,1851.0,5777.0,3788.0,7266.0,52.133223231489126,79.50729424717863,3.9254457050243112,37.861271676300575,62.138728323699425
2016-01-01,Management,All,Gujarat,100.0,1.0,2.5,13475.0,2821.0,4367.0,1665.0,5814.0,3848.0,7188.0,53.53366722314969,80.8848080133556,4.317117117117117,39.24596549805231,60.75403450194769
2017-01-01,Management,All,Gujarat,93.0,3.0,2.5,12585.0,2899.0,3754.0,1549.0,5364.0,3555.0,6653.0,53.43454080865775,80.62528182774689,4.295029051000646,43.574327371110776,56.425672628889224
2018-01-01,Management,All,Gujarat,92.0,1.0,0.0,12335.0,3344.0,3763.0,1661.0,5676.0,3634.0,7107.0,51.1326860841424,79.86492190797804,4.278747742323901,47.052202054312644,52.94779794568735
2019-01-01,Management,All,Gujarat,92.0,2.0,0.0,11279.0,3544.0,4057.0,1275.0,5660.0,4083.0,7601.0,53.71661623470596,74.46388633074595,5.961568627450981,46.62544402052362,53.37455597947639
2020-01-01,Management,All,Gujarat,89.0,1.0,0.0,10550.0,3819.0,4322.0,1279.0,5173.0,4392.0,8141.0,53.949146296523764,63.54256233877902,6.365129007036748,46.91069893133522,53.08930106866478
2021-01-01,Management,All,Gujarat,91.0,1.0,0.0,10678.0,3529.0,4198.0,1286.0,5455.0,3460.0,7727.0,44.77805099003494,70.59660929209267,6.00855365474339,45.671023683188814,54.328976316811186
2013-01-01,Pharmacy,All,Gujarat,79.0,0.0,0.0,6285.0,1190.0,947.0,904.0,2649.0,730.0,2137.0,34.160037435657465,123.9588207767899,2.3639380530973453,55.68554047730463,44.314459522695365
2014-01-01,Pharmacy,All,Gujarat,78.0,0.0,2.0,5865.0,1172.0,832.0,1169.0,2119.0,545.0,2004.0,27.195608782435134,105.7385229540918,1.7142857142857142,58.48303393213573,41.51696606786427
2015-01-01,Pharmacy,All,Gujarat,72.0,0.0,2.0,5505.0,1479.0,1132.0,1320.0,1699.0,595.0,2611.0,22.78820375335121,65.07085407889697,1.978030303030303,56.644963615472996,43.355036384527004
2016-01-01,Pharmacy,All,Gujarat,71.0,0.0,2.5,5445.0,1791.0,1586.0,1220.0,1630.0,444.0,3377.0,13.147764287829434,48.26769321883329,2.768032786885246,53.03523837725792,46.96476162274208
2017-01-01,Pharmacy,All,Gujarat,69.0,0.0,1.0,5435.0,1753.0,1826.0,1172.0,1548.0,438.0,3579.0,12.238055322715843,43.2523051131601,3.053754266211604,48.98016205644035,51.01983794355965
2018-01-01,Pharmacy,All,Gujarat,68.0,1.0,0.0,5515.0,1847.0,2079.0,1368.0,1958.0,653.0,3926.0,16.63270504330107,49.87264391237901,2.8698830409356724,47.04533876719307,52.954661232806934
2019-01-01,Pharmacy,All,Gujarat,65.0,0.0,0.0,4725.0,1918.0,2134.0,1333.0,2090.0,767.0,4052.0,18.928923988153997,51.579466929911156,3.039759939984996,47.334649555774924,52.665350444225076
2020-01-01,Pharmacy,All,Gujarat,67.0,4.0,1.0,4800.0,1851.0,2279.0,1593.0,1884.0,653.0,4130.0,15.811138014527845,45.61743341404358,2.5925925925925926,44.818401937046005,55.181598062953995
2021-01-01,Pharmacy,All,Gujarat,60.0,0.0,0.0,4485.0,1629.0,1949.0,1508.0,1636.0,660.0,3578.0,18.4460592509782,45.72386808272778,2.372679045092838,45.52822806036892,54.471771939631076
2013-01-01,Pharmacy,Government,Haryana,2.0,0.0,0.0,120.0,52.0,61.0,22.0,109.0,5.0,113.0,4.424778761061947,96.46017699115043,5.136363636363637,46.017699115044245,53.98230088495575
2014-01-01,Pharmacy,Government,Haryana,2.0,0.0,0.0,120.0,33.0,84.0,28.0,102.0,30.0,117.0,25.64102564102564,87.17948717948718,4.178571428571429,28.205128205128204,71.7948717948718
2015-01-01,Pharmacy,Government,Haryana,3.0,0.0,0.0,180.0,50.0,127.0,28.0,140.0,22.0,177.0,12.429378531073446,79.09604519774011,6.321428571428571,28.24858757062147,71.75141242937853
2016-01-01,Pharmacy,Government,Haryana,5.0,0.0,0.0,300.0,94.0,163.0,22.0,191.0,58.0,257.0,22.56809338521401,74.31906614785993,11.681818181818182,36.57587548638132,63.42412451361867
2017-01-01,Pharmacy,Government,Haryana,6.0,1.0,0.0,350.0,110.0,194.0,22.0,279.0,27.0,304.0,8.881578947368421,91.77631578947368,13.818181818181818,36.18421052631579,63.81578947368421
2018-01-01,Pharmacy,Government,Haryana,6.0,0.0,0.0,350.0,123.0,218.0,30.0,274.0,59.0,341.0,17.302052785923756,80.35190615835776,11.366666666666667,36.070381231671554,63.929618768328446
2019-01-01,Pharmacy,Government,Haryana,6.0,0.0,0.0,360.0,145.0,234.0,23.0,196.0,30.0,379.0,7.9155672823219,51.71503957783641,16.47826086956522,38.258575197889186,61.74142480211082
2020-01-01,Pharmacy,Government,Haryana,7.0,1.0,0.0,460.0,129.0,223.0,35.0,117.0,36.0,352.0,10.227272727272728,33.23863636363637,10.057142857142857,36.64772727272727,63.35227272727273
2021-01-01,Pharmacy,Government,Haryana,6.0,0.0,0.0,400.0,198.0,223.0,33.0,210.0,19.0,421.0,4.513064133016627,49.8812351543943,12.757575757575758,47.03087885985748,52.96912114014252
2013-01-01,Pharmacy,Private,Haryana,31.0,0.0,0.0,2004.0,410.0,1052.0,293.0,619.0,270.0,1462.0,18.467852257181942,42.339261285909714,4.989761092150171,28.0437756497948,71.9562243502052
2014-01-01,Pharmacy,Private,Haryana,30.0,0.0,1.0,2064.0,321.0,1269.0,399.0,649.0,253.0,1590.0,15.91194968553459,40.81761006289308,3.9849624060150375,20.18867924528302,79.81132075471699
2015-01-01,Pharmacy,Private,Haryana,28.0,0.0,0.0,2124.0,290.0,1398.0,495.0,673.0,311.0,1688.0,18.424170616113745,39.8696682464455,3.4101010101010103,17.180094786729857,82.81990521327015
2016-01-01,Pharmacy,Private,Haryana,27.0,1.0,0.0,2100.0,216.0,1318.0,520.0,736.0,318.0,1534.0,20.73011734028683,47.979139504563236,2.95,14.08083441981747,85.91916558018254
2017-01-01,Pharmacy,Private,Haryana,30.0,3.0,0.0,2305.0,306.0,1395.0,572.0,769.0,444.0,1701.0,26.102292768959433,45.20870076425632,2.9737762237762237,17.989417989417987,82.01058201058201
2018-01-01,Pharmacy,Private,Haryana,38.0,5.0,0.0,3035.0,318.0,1515.0,590.0,1061.0,553.0,1833.0,30.169121658483363,57.88325150027278,3.106779661016949,17.348608837970538,82.65139116202947
2019-01-01,Pharmacy,Private,Haryana,47.0,5.0,0.0,3895.0,468.0,1692.0,751.0,612.0,510.0,2160.0,23.61111111111111,28.333333333333332,2.8761651131824233,21.666666666666668,78.33333333333333
2020-01-01,Pharmacy,Private,Haryana,52.0,5.0,0.0,4214.0,327.0,1156.0,1344.0,409.0,308.0,1483.0,20.768712070128117,27.579231287929872,1.103422619047619,22.049898853674982,77.95010114632501
2021-01-01,Pharmacy,Private,Haryana,18.0,0.0,0.0,1320.0,154.0,620.0,635.0,783.0,229.0,774.0,29.58656330749354,101.16279069767442,1.2188976377952756,19.896640826873384,80.10335917312662
2013-01-01,Engineering,Government,Haryana,5.0,3.0,0.0,1644.0,624.0,2565.0,1410.0,1166.0,293.0,3189.0,9.187833176544371,36.563185951709,2.2617021276595746,19.567262464722486,80.43273753527752
2014-01-01,Engineering,Government,Haryana,6.0,1.0,0.0,2334.0,487.0,1409.0,391.0,1400.0,582.0,1896.0,30.69620253164557,73.83966244725738,4.849104859335038,25.685654008438817,74.31434599156118
2015-01-01,Engineering,Government,Haryana,6.0,0.0,0.0,2370.0,420.0,1470.0,365.0,1465.0,642.0,1890.0,33.96825396825397,77.5132275132275,5.178082191780822,22.22222222222222,77.77777777777779
2016-01-01,Engineering,Government,Haryana,9.0,0.0,0.0,3150.0,515.0,1680.0,352.0,1981.0,850.0,2195.0,38.724373576309794,90.250569476082,6.235795454545454,23.462414578587698,76.5375854214123
2017-01-01,Engineering,Government,Haryana,12.0,1.0,0.0,3491.0,502.0,1977.0,415.0,2112.0,793.0,2479.0,31.988705123033483,85.19564340459863,5.973493975903614,20.250100847115775,79.74989915288423
2018-01-01,Engineering,Government,Haryana,14.0,2.0,0.0,4031.0,487.0,2011.0,412.0,2228.0,874.0,2498.0,34.98799039231385,89.19135308246598,6.063106796116505,19.495596477181746,80.50440352281825
2019-01-01,Engineering,Government,Haryana,15.0,1.0,0.0,4261.0,495.0,2091.0,429.0,2309.0,916.0,2586.0,35.4215003866976,89.28847641144625,6.027972027972028,19.1415313225058,80.8584686774942
2020-01-01,Engineering,Government,Haryana,13.0,1.0,0.0,4076.0,559.0,2274.0,925.0,1773.0,1156.0,2833.0,40.80480056477233,62.58383339216378,3.0627027027027025,19.731733145075893,80.26826685492411
2021-01-01,Engineering,Government,Haryana,16.0,3.0,0.0,4721.0,624.0,2565.0,1410.0,2415.0,968.0,3189.0,30.354343054248982,75.72906867356538,2.2617021276595746,19.567262464722486,80.43273753527752
2013-01-01,Engineering,Private,Haryana,153.0,3.0,0.0,37305.0,4563.5,7744.5,4689.5,10063.0,6300.5,12362.0,50.96667205953729,81.40268564957127,2.636101929843267,36.91554764601197,62.6476298333603
2014-01-01,Engineering,Private,Haryana,153.0,2.0,2.0,37305.0,3073.0,7744.5,4689.5,10063.0,6300.5,12362.0,50.96667205953729,81.40268564957127,2.636101929843267,24.858437146092864,62.6476298333603
2015-01-01,Engineering,Private,Haryana,151.0,2.0,1.0,37305.0,2459.0,7744.5,4689.5,10063.0,6300.5,12362.0,50.96667205953729,81.40268564957127,2.636101929843267,19.89160330043682,62.6476298333603
2016-01-01,Engineering,Private,Haryana,143.0,0.0,5.0,37305.0,1997.0,7744.5,4689.5,10063.0,6300.5,12362.0,50.96667205953729,81.40268564957127,2.636101929843267,16.154343957288464,62.6476298333603
2017-01-01,Engineering,Private,Haryana,132.0,1.0,5.0,37305.0,2031.0,7744.5,4689.5,10063.0,6300.5,12362.0,50.96667205953729,81.40268564957127,2.636101929843267,16.429380359165183,62.6476298333603
2018-01-01,Engineering,Private,Haryana,123.0,0.0,3.0,37305.0,1931.0,7744.5,4689.5,10063.0,6300.5,12362.0,50.96667205953729,81.40268564957127,2.636101929843267,15.620449765410127,62.6476298333603
2019-01-01,Engineering,Private,Haryana,115.0,4.0,1.0,37305.0,1583.0,7744.5,4689.5,10063.0,6300.5,11055.0,56.99231117141564,91.02668475802804,2.357394178483847,14.319312528267753,70.05427408412484
2020-01-01,Engineering,Private,Haryana,102.0,0.0,3.0,29797.0,1817.0,7744.5,4689.5,7312.0,6300.5,11278.0,55.86540166696222,64.8341904593013,2.404947222518392,16.11101259088491,68.66909026423124
2021-01-01,Engineering,Private,Haryana,93.0,0.0,0.0,26347.0,1604.0,7646.0,4689.5,7103.0,5818.0,9250.0,62.89729729729729,76.78918918918919,1.97249173685894,17.34054054054054,82.65945945945946
2013-01-01,Management,Private,Haryana,162.0,3.0,0.0,15511.0,1670.0,3090.0,1506.0,4239.0,2374.0,4760.0,49.87394957983193,89.05462184873949,3.1606905710491366,35.08403361344538,64.91596638655463
2014-01-01,Management,Private,Haryana,157.0,2.0,4.0,15271.0,1523.0,3090.0,1952.0,3858.0,2279.0,4613.0,49.403858660307826,83.63321049208758,2.363217213114754,33.01539128549751,66.98460871450249
2015-01-01,Management,Private,Haryana,141.0,0.0,1.0,14374.0,2032.0,3790.0,2087.0,3670.0,2305.0,5822.0,39.59120577121264,63.03675712813466,2.789650215620508,34.90209549982824,65.09790450017177
2016-01-01,Management,Private,Haryana,135.0,0.0,4.0,13944.0,1887.0,3244.0,2030.0,3718.0,2285.0,5131.0,44.53322938998246,72.46150847787956,2.527586206896552,36.77645683102709,63.22354316897291
2017-01-01,Management,Private,Haryana,128.0,1.0,5.0,12870.0,1625.0,2990.0,1931.0,3672.0,2322.0,4615.0,50.314192849404115,79.56663055254604,2.3899533920248577,35.2112676056338,64.7887323943662
2018-01-01,Management,Private,Haryana,116.0,1.0,4.0,10941.0,1768.0,3291.0,1861.0,3522.0,2405.0,5059.0,47.539039335837124,69.61850168017395,2.7184309511015585,34.94761810634513,65.05238189365488
2019-01-01,Management,Private,Haryana,107.0,2.0,2.0,9494.0,1894.0,3265.0,1385.0,3569.0,2591.0,5159.0,50.222911416941265,69.1800736576856,3.724909747292419,36.71254119015313,63.287458809846875
2020-01-01,Management,Private,Haryana,100.0,1.0,2.0,8825.0,1836.0,3109.0,1300.0,2369.0,2636.0,4945.0,53.30637007077856,47.906976744186046,3.8038461538461537,37.128412537917086,62.871587462082914
2021-01-01,Management,Private,Haryana,99.0,3.0,0.0,8483.0,1866.0,3044.0,1214.0,2772.0,2183.0,4910.0,44.46028513238289,56.45621181262729,4.0444810543657335,38.0040733197556,61.995926680244395
2013-01-01,Management,Government,Haryana,11.0,0.0,0.0,1495.0,414.0,418.0,114.0,851.0,322.0,832.0,38.70192307692308,102.28365384615385,7.298245614035087,49.75961538461539,50.24038461538461
2014-01-01,Management,Government,Haryana,10.0,0.0,0.0,1340.0,333.0,459.0,110.0,682.0,336.0,792.0,42.42424242424242,86.11111111111111,7.2,42.04545454545455,57.95454545454546
2015-01-01,Management,Government,Haryana,11.0,0.0,0.0,1580.0,311.0,452.0,113.0,759.0,405.0,763.0,53.07994757536042,99.47575360419397,6.752212389380531,40.76015727391874,59.23984272608126
2016-01-01,Management,Government,Haryana,12.0,0.0,0.0,1610.0,363.0,485.0,75.0,598.0,339.0,848.0,39.97641509433962,70.51886792452831,11.306666666666667,42.806603773584904,57.193396226415096
2017-01-01,Management,Government,Haryana,11.0,0.0,0.0,1555.0,348.0,430.0,67.0,597.0,281.0,778.0,36.11825192802057,76.73521850899743,11.611940298507463,44.73007712082262,55.26992287917738
2018-01-01,Management,Government,Haryana,6.0,1.0,0.0,1075.0,250.0,347.0,83.0,359.0,68.0,597.0,11.390284757118927,60.13400335008375,7.192771084337349,41.87604690117253,58.12395309882747
2019-01-01,Management,Government,Haryana,5.0,0.0,0.0,765.0,220.0,312.0,47.0,299.0,44.0,532.0,8.270676691729323,56.20300751879699,11.319148936170214,41.35338345864661,58.64661654135338
2020-01-01,Management,Government,Haryana,6.0,0.0,0.0,675.0,196.0,261.0,59.0,342.0,124.0,457.0,27.13347921225383,74.83588621444201,7.745762711864407,42.88840262582057,57.11159737417943
2021-01-01,Management,Government,Haryana,7.0,1.0,0.0,675.0,197.0,192.0,68.0,289.0,101.0,389.0,25.96401028277635,74.293059125964,5.720588235294118,50.6426735218509,49.3573264781491
2013-01-01,Engineering,All,Haryana,158.0,3.0,0.0,37305.0,4563.5,7744.5,4689.5,10063.0,6300.5,12362.0,50.96667205953729,81.40268564957127,2.636101929843267,36.91554764601197,62.6476298333603
2014-01-01,Engineering,All,Haryana,159.0,3.0,2.0,37305.0,3560.0,7744.5,4689.5,10063.0,6300.5,12362.0,50.96667205953729,81.40268564957127,2.636101929843267,28.79792913767999,62.6476298333603
2015-01-01,Engineering,All,Haryana,157.0,2.0,1.0,37305.0,2879.0,7744.5,4689.5,10063.0,6300.5,12362.0,50.96667205953729,81.40268564957127,2.636101929843267,23.289111794208058,62.6476298333603
2016-01-01,Engineering,All,Haryana,152.0,0.0,5.0,37305.0,2512.0,7744.5,4689.5,10063.0,6300.5,12362.0,50.96667205953729,81.40268564957127,2.636101929843267,20.320336515127003,62.6476298333603
2017-01-01,Engineering,All,Haryana,144.0,2.0,5.0,37305.0,2533.0,7744.5,4689.5,10063.0,6300.5,12362.0,50.96667205953729,81.40268564957127,2.636101929843267,20.490211939815563,62.6476298333603
2018-01-01,Engineering,All,Haryana,137.0,2.0,3.0,37305.0,2418.0,7744.5,4689.5,10063.0,6300.5,12362.0,50.96667205953729,81.40268564957127,2.636101929843267,19.559941756997247,62.6476298333603
2019-01-01,Engineering,All,Haryana,130.0,5.0,1.0,37305.0,2078.0,7744.5,4689.5,10063.0,6300.5,12362.0,50.96667205953729,81.40268564957127,2.636101929843267,16.80957773823006,62.6476298333603
2020-01-01,Engineering,All,Haryana,115.0,0.0,3.0,33873.0,2376.0,7744.5,4689.5,9085.0,6300.5,12362.0,50.96667205953729,73.49134444264682,2.636101929843267,19.22019090762013,62.6476298333603
2021-01-01,Engineering,All,Haryana,109.0,3.0,0.0,31068.0,2228.0,7744.5,4689.5,9382.0,6300.5,12362.0,50.96667205953729,75.89386830609934,2.636101929843267,18.022973628862644,62.6476298333603
2013-01-01,Management,All,Haryana,173.0,3.0,0.0,17006.0,2084.0,3508.0,1620.0,5090.0,2696.0,5592.0,48.21173104434907,91.02288984263234,3.4518518518518517,37.26752503576538,62.73247496423462
2014-01-01,Management,All,Haryana,167.0,2.0,4.0,16611.0,1856.0,3549.0,2062.0,4540.0,2615.0,5405.0,48.381128584643854,83.99629972247918,2.6212415130940836,34.338575393154485,65.66142460684551
2015-01-01,Management,All,Haryana,152.0,0.0,1.0,15954.0,2343.0,4242.0,2200.0,4429.0,2710.0,6585.0,41.15413819286257,67.25892179195141,2.993181818181818,35.58086560364465,64.41913439635535
2016-01-01,Management,All,Haryana,147.0,0.0,4.0,15554.0,2250.0,3729.0,2105.0,4316.0,2624.0,5979.0,43.88693761498578,72.18598427830742,2.8403800475059384,37.63171098845961,62.36828901154039
2017-01-01,Management,All,Haryana,139.0,1.0,5.0,14425.0,1973.0,3420.0,1998.0,4269.0,2603.0,5393.0,48.2662710921565,79.15816799554979,2.699199199199199,36.584461338772485,63.41553866122752
2018-01-01,Management,All,Haryana,122.0,2.0,4.0,12016.0,2018.0,3638.0,1944.0,3881.0,2473.0,5656.0,43.72347949080622,68.61739745403112,2.909465020576132,35.678925035360685,64.32107496463932
2019-01-01,Management,All,Haryana,112.0,2.0,2.0,10259.0,2114.0,3577.0,1432.0,3868.0,2635.0,5691.0,46.301177297487264,67.96696538393955,3.9741620111731844,37.14637146371464,62.85362853628536
2020-01-01,Management,All,Haryana,106.0,1.0,2.0,9500.0,2032.0,3370.0,1359.0,2711.0,2760.0,5402.0,51.09218807848946,50.185116623472794,3.974981604120677,37.61569788967049,62.3843021103295
2021-01-01,Management,All,Haryana,106.0,4.0,0.0,9158.0,2063.0,3236.0,1282.0,3133.0,2284.0,5299.0,43.10247216455935,59.124363087374974,4.133385335413417,38.93187393847896,61.06812606152104
2013-01-01,Pharmacy,All,Haryana,33.0,0.0,0.0,2124.0,462.0,1113.0,315.0,728.0,275.0,1575.0,17.46031746031746,46.22222222222222,5.0,29.333333333333332,70.66666666666667
2014-01-01,Pharmacy,All,Haryana,32.0,0.0,1.0,2184.0,354.0,1353.0,427.0,751.0,283.0,1707.0,16.578793204452253,43.99531341534856,3.997658079625293,20.738137082601053,79.26186291739896
2015-01-01,Pharmacy,All,Haryana,31.0,0.0,0.0,2304.0,340.0,1525.0,523.0,813.0,333.0,1865.0,17.855227882037532,43.59249329758713,3.565965583173996,18.230563002680967,81.76943699731903
2016-01-01,Pharmacy,All,Haryana,32.0,1.0,0.0,2400.0,310.0,1481.0,542.0,927.0,376.0,1791.0,20.99385817978783,51.75879396984925,3.304428044280443,17.308766052484646,82.69123394751536
2017-01-01,Pharmacy,All,Haryana,36.0,4.0,0.0,2655.0,416.0,1589.0,594.0,1048.0,471.0,2005.0,23.49127182044888,52.26932668329177,3.3754208754208754,20.74812967581047,79.25187032418953
2018-01-01,Pharmacy,All,Haryana,44.0,5.0,0.0,3385.0,441.0,1733.0,620.0,1335.0,612.0,2174.0,28.150873965041402,61.40754369825206,3.5064516129032257,20.2851885924563,79.71481140754369
2019-01-01,Pharmacy,All,Haryana,53.0,5.0,0.0,4255.0,613.0,1926.0,774.0,808.0,540.0,2539.0,21.26821583300512,31.82355257975581,3.2803617571059434,24.143363528948406,75.8566364710516
2020-01-01,Pharmacy,All,Haryana,59.0,5.0,0.0,4674.0,456.0,1379.0,1379.0,526.0,344.0,1835.0,18.74659400544959,28.664850136239785,1.3306744017403915,24.850136239782017,75.14986376021798
2021-01-01,Pharmacy,All,Haryana,24.0,0.0,0.0,1720.0,352.0,843.0,668.0,924.0,248.0,1195.0,20.753138075313807,77.32217573221757,1.7889221556886228,29.456066945606697,70.5439330543933
2013-01-01,Pharmacy,Government,Himachal Pradesh,1.0,0.0,0.0,40.0,13.0,23.0,8.0,39.0,17.0,36.0,47.22222222222222,108.33333333333333,4.5,36.11111111111111,63.888888888888886
2014-01-01,Pharmacy,Government,Himachal Pradesh,1.0,0.0,0.0,40.0,13.0,23.0,11.0,41.0,40.0,36.0,111.11111111111111,113.88888888888889,3.272727272727273,36.11111111111111,63.888888888888886
2015-01-01,Pharmacy,Government,Himachal Pradesh,1.0,0.0,0.0,40.0,29.0,6.0,11.0,42.0,5.0,35.0,14.285714285714285,120.0,3.1818181818181817,82.85714285714286,17.142857142857142
2016-01-01,Pharmacy,Government,Himachal Pradesh,1.0,0.0,0.0,40.0,23.0,14.0,8.0,38.0,18.0,37.0,48.64864864864865,102.7027027027027,4.625,62.16216216216216,37.83783783783784
2017-01-01,Pharmacy,Government,Himachal Pradesh,1.0,0.0,0.0,40.0,29.0,6.0,7.0,45.0,5.0,35.0,14.285714285714285,128.57142857142858,5.0,82.85714285714286,17.142857142857142
2018-01-01,Pharmacy,Government,Himachal Pradesh,1.0,0.0,0.0,40.0,19.0,20.0,9.0,46.0,10.0,39.0,25.64102564102564,117.94871794871796,4.333333333333333,48.717948717948715,51.28205128205128
2019-01-01,Pharmacy,Government,Himachal Pradesh,1.0,0.0,0.0,40.0,24.0,13.0,9.0,46.0,11.0,37.0,29.72972972972973,124.32432432432432,4.111111111111111,64.86486486486487,35.13513513513514
2020-01-01,Pharmacy,Government,Himachal Pradesh,2.0,0.0,0.0,100.0,24.0,13.0,9.0,89.0,3.0,37.0,8.108108108108109,240.54054054054052,4.111111111111111,64.86486486486487,35.13513513513514
2021-01-01,Pharmacy,Government,Himachal Pradesh,2.0,0.0,0.0,100.0,68.0,31.0,18.0,89.0,3.0,99.0,3.0303030303030303,89.8989898989899,5.5,68.68686868686868,31.313131313131315
2013-01-01,Pharmacy,Private,Himachal Pradesh,14.0,0.0,0.0,1020.0,228.0,353.0,105.0,285.0,148.0,581.0,25.47332185886403,49.05335628227194,5.533333333333333,39.24268502581756,60.75731497418244
2014-01-01,Pharmacy,Private,Himachal Pradesh,14.0,0.0,0.0,1080.0,264.0,481.0,188.0,379.0,154.0,745.0,20.671140939597315,50.87248322147651,3.9627659574468086,35.43624161073826,64.56375838926175
2015-01-01,Pharmacy,Private,Himachal Pradesh,14.0,0.0,0.0,1080.0,258.0,534.0,247.0,360.0,150.0,792.0,18.939393939393938,45.45454545454545,3.2064777327935223,32.57575757575758,67.42424242424242
2016-01-01,Pharmacy,Private,Himachal Pradesh,16.0,0.0,0.0,1200.0,281.0,475.0,293.0,426.0,188.0,756.0,24.867724867724867,56.34920634920635,2.580204778156997,37.16931216931217,62.83068783068783
2017-01-01,Pharmacy,Private,Himachal Pradesh,15.0,0.0,0.0,1108.0,325.0,515.0,187.0,439.0,217.0,840.0,25.833333333333336,52.261904761904766,4.491978609625669,38.69047619047619,61.30952380952381
2018-01-01,Pharmacy,Private,Himachal Pradesh,14.0,0.0,0.0,1030.0,286.0,574.0,284.0,404.0,191.0,860.0,22.209302325581394,46.97674418604651,3.028169014084507,33.25581395348837,66.74418604651163
2019-01-01,Pharmacy,Private,Himachal Pradesh,14.0,0.0,0.0,1060.0,341.0,612.0,316.0,440.0,291.0,953.0,30.535152151101784,46.16998950682057,3.0158227848101267,35.78174186778594,64.21825813221406
2020-01-01,Pharmacy,Private,Himachal Pradesh,17.0,0.0,0.0,1240.0,274.0,561.0,372.0,188.0,185.0,835.0,22.15568862275449,22.51497005988024,2.2446236559139785,32.81437125748503,67.18562874251496
2021-01-01,Pharmacy,Private,Himachal Pradesh,11.0,0.0,0.0,820.0,170.0,356.0,302.0,479.0,125.0,526.0,23.76425855513308,91.06463878326996,1.7417218543046358,32.31939163498099,67.68060836501901
2013-01-01,Engineering,Government,Himachal Pradesh,1.0,0.0,0.0,240.0,80.0,171.0,23.0,75.0,18.0,251.0,7.171314741035857,29.880478087649404,10.91304347826087,31.872509960159363,68.12749003984064
2014-01-01,Engineering,Government,Himachal Pradesh,2.0,0.0,0.0,540.0,78.0,266.0,53.0,247.0,35.0,344.0,10.174418604651162,71.80232558139535,6.490566037735849,22.674418604651162,77.32558139534885
2015-01-01,Engineering,Government,Himachal Pradesh,1.0,0.0,0.0,240.0,45.0,189.0,88.0,190.0,56.0,234.0,23.931623931623932,81.19658119658119,2.659090909090909,19.230769230769234,80.76923076923077
2016-01-01,Engineering,Government,Himachal Pradesh,3.0,0.0,0.0,600.0,80.0,317.0,67.0,341.0,187.0,397.0,47.103274559193956,85.8942065491184,5.925373134328358,20.151133501259448,79.84886649874056
2017-01-01,Engineering,Government,Himachal Pradesh,4.0,0.0,0.0,900.0,142.0,564.0,74.0,445.0,154.0,706.0,21.813031161473088,63.03116147308781,9.54054054054054,20.113314447592067,79.88668555240793
2018-01-01,Engineering,Government,Himachal Pradesh,4.0,0.0,0.0,900.0,135.0,533.0,127.0,471.0,160.0,668.0,23.952095808383234,70.50898203592814,5.25984251968504,20.209580838323355,79.79041916167665
2019-01-01,Engineering,Government,Himachal Pradesh,4.0,0.0,0.0,900.0,134.0,542.0,137.0,708.0,160.0,676.0,23.668639053254438,104.73372781065089,4.934306569343065,19.82248520710059,80.1775147928994
2020-01-01,Engineering,Government,Himachal Pradesh,5.0,0.0,0.0,1080.0,177.0,721.0,339.0,353.0,179.0,898.0,19.933184855233854,39.30957683741648,2.6489675516224187,19.71046770601336,80.28953229398664
2021-01-01,Engineering,Government,Himachal Pradesh,5.0,0.0,0.0,1080.0,160.0,649.0,409.0,542.0,96.0,809.0,11.866501854140916,66.99629171817058,1.97799511002445,19.77750309023486,80.22249690976514
2013-01-01,Engineering,Private,Himachal Pradesh,20.0,0.0,0.0,3165.0,563.0,1346.5,835.5,1032.5,521.5,1892.0,27.563424947145876,54.571881606765324,2.264512268102932,29.7568710359408,71.16807610993658
2014-01-01,Engineering,Private,Himachal Pradesh,22.0,0.0,0.0,3165.0,403.0,1346.5,835.5,1032.5,521.5,1892.0,27.563424947145876,54.571881606765324,2.264512268102932,21.300211416490487,71.16807610993658
2015-01-01,Engineering,Private,Himachal Pradesh,20.0,0.0,0.0,3165.0,262.0,1346.5,835.5,1032.5,521.5,1892.0,27.563424947145876,54.571881606765324,2.264512268102932,13.847780126849896,71.16807610993658
2016-01-01,Engineering,Private,Himachal Pradesh,19.0,0.0,0.0,3165.0,185.0,1346.5,835.5,1032.5,521.5,1576.0,33.090101522842644,65.51395939086294,1.886295631358468,11.738578680203046,85.43781725888326
2017-01-01,Engineering,Private,Himachal Pradesh,16.0,0.0,0.0,3165.0,280.0,976.0,835.5,1032.5,521.5,1256.0,41.52070063694268,82.20541401273886,1.5032914422501495,22.29299363057325,77.70700636942675
2018-01-01,Engineering,Private,Himachal Pradesh,14.0,0.0,0.0,3165.0,242.0,1013.0,835.5,1032.5,521.5,1255.0,41.55378486055777,82.27091633466136,1.5020945541591861,19.282868525896415,80.71713147410358
2019-01-01,Engineering,Private,Himachal Pradesh,13.0,0.0,0.0,3165.0,154.0,636.0,835.5,1032.5,521.5,790.0,66.01265822784809,130.69620253164558,0.9455415918611609,19.49367088607595,80.50632911392405
2020-01-01,Engineering,Private,Himachal Pradesh,11.0,0.0,0.0,2948.0,117.0,510.0,835.5,573.0,385.0,627.0,61.40350877192983,91.38755980861244,0.7504488330341114,18.660287081339714,81.3397129186603
2021-01-01,Engineering,Private,Himachal Pradesh,9.0,0.0,0.0,1920.0,27.0,181.0,835.5,446.0,365.0,208.0,175.48076923076923,214.4230769230769,0.24895272292040693,12.980769230769232,87.01923076923077
2013-01-01,Management,Private,Himachal Pradesh,13.0,0.0,0.0,1290.0,120.0,195.0,84.0,268.0,79.0,315.0,25.07936507936508,85.07936507936508,3.75,38.095238095238095,61.904761904761905
2014-01-01,Management,Private,Himachal Pradesh,13.0,0.0,0.0,1500.0,114.0,192.0,140.0,273.0,166.0,306.0,54.248366013071895,89.2156862745098,2.1857142857142855,37.254901960784316,62.745098039215684
2015-01-01,Management,Private,Himachal Pradesh,11.0,0.0,0.0,1440.0,151.0,214.0,161.0,226.0,105.0,365.0,28.767123287671232,61.917808219178085,2.267080745341615,41.369863013698634,58.63013698630137
2016-01-01,Management,Private,Himachal Pradesh,10.0,0.0,0.0,1380.0,141.0,210.0,140.0,260.0,101.0,351.0,28.774928774928775,74.07407407407408,2.507142857142857,40.17094017094017,59.82905982905983
2017-01-01,Management,Private,Himachal Pradesh,6.0,0.0,0.0,780.0,132.0,118.0,110.0,241.0,57.0,250.0,22.8,96.39999999999999,2.272727272727273,52.800000000000004,47.199999999999996
2018-01-01,Management,Private,Himachal Pradesh,7.0,0.0,0.0,900.0,183.0,191.0,109.0,213.0,107.0,374.0,28.609625668449194,56.951871657754005,3.4311926605504586,48.93048128342246,51.06951871657755
2019-01-01,Management,Private,Himachal Pradesh,5.0,0.0,0.0,540.0,95.0,130.0,72.0,170.0,155.0,225.0,68.88888888888889,75.55555555555556,3.125,42.22222222222222,57.77777777777777
2020-01-01,Management,Private,Himachal Pradesh,5.0,0.0,0.0,570.0,67.0,94.0,80.0,54.0,82.0,161.0,50.931677018633536,33.54037267080746,2.0125,41.61490683229814,58.38509316770186
2021-01-01,Management,Private,Himachal Pradesh,5.0,0.0,0.0,390.0,32.0,45.0,63.0,105.0,50.0,77.0,64.93506493506493,136.36363636363635,1.2222222222222223,41.55844155844156,58.44155844155844
2013-01-01,Management,Government,Himachal Pradesh,2.0,0.0,0.0,120.0,56.0,64.0,13.0,58.0,38.0,120.0,31.666666666666664,48.333333333333336,9.23076923076923,46.666666666666664,53.333333333333336
2014-01-01,Management,Government,Himachal Pradesh,2.0,0.0,0.0,120.0,49.0,64.0,19.0,120.0,58.0,113.0,51.32743362831859,106.19469026548674,5.947368421052632,43.36283185840708,56.63716814159292
2015-01-01,Management,Government,Himachal Pradesh,2.0,0.0,0.0,120.0,50.0,69.0,21.0,120.0,54.0,119.0,45.378151260504204,100.84033613445378,5.666666666666667,42.016806722689076,57.98319327731093
2016-01-01,Management,Government,Himachal Pradesh,1.0,0.0,0.0,60.0,21.0,39.0,7.0,60.0,44.0,60.0,73.33333333333333,100.0,8.571428571428571,35.0,65.0
2017-01-01,Management,Government,Himachal Pradesh,2.0,0.0,0.0,90.0,38.0,48.0,16.0,83.0,37.0,86.0,43.02325581395349,96.51162790697676,5.375,44.18604651162791,55.81395348837209
2018-01-01,Management,Government,Himachal Pradesh,2.0,0.0,0.0,90.0,49.0,55.0,20.0,90.0,46.0,104.0,44.230769230769226,86.53846153846155,5.2,47.11538461538461,52.88461538461539
2019-01-01,Management,Government,Himachal Pradesh,2.0,0.0,0.0,120.0,44.0,64.0,19.0,109.0,89.0,108.0,82.4074074074074,100.92592592592592,5.684210526315789,40.74074074074074,59.25925925925925
2020-01-01,Management,Government,Himachal Pradesh,2.0,0.0,0.0,120.0,54.0,81.0,17.0,120.0,88.0,135.0,65.18518518518519,88.88888888888889,7.9411764705882355,40.0,60.0
2021-01-01,Management,Government,Himachal Pradesh,2.0,0.0,0.0,120.0,66.0,54.0,18.0,106.0,59.0,120.0,49.166666666666664,88.33333333333333,6.666666666666667,55.00000000000001,45.0
2013-01-01,Engineering,All,Himachal Pradesh,21.0,0.0,0.0,3165.0,592.0,1346.5,835.5,1032.5,521.5,1892.0,27.563424947145876,54.571881606765324,2.264512268102932,31.289640591966172,71.16807610993658
2014-01-01,Engineering,All,Himachal Pradesh,24.0,0.0,0.0,3165.0,481.0,1346.5,835.5,1032.5,521.5,1892.0,27.563424947145876,54.571881606765324,2.264512268102932,25.422832980972515,71.16807610993658
2015-01-01,Engineering,All,Himachal Pradesh,21.0,0.0,0.0,3165.0,307.0,1346.5,835.5,1032.5,521.5,1892.0,27.563424947145876,54.571881606765324,2.264512268102932,16.226215644820297,71.16807610993658
2016-01-01,Engineering,All,Himachal Pradesh,22.0,0.0,0.0,3165.0,265.0,1346.5,835.5,1032.5,521.5,1892.0,27.563424947145876,54.571881606765324,2.264512268102932,14.006342494714588,71.16807610993658
2017-01-01,Engineering,All,Himachal Pradesh,20.0,0.0,0.0,3165.0,422.0,1346.5,835.5,1032.5,521.5,1892.0,27.563424947145876,54.571881606765324,2.264512268102932,22.30443974630021,71.16807610993658
2018-01-01,Engineering,All,Himachal Pradesh,18.0,0.0,0.0,3165.0,377.0,1346.5,835.5,1032.5,521.5,1892.0,27.563424947145876,54.571881606765324,2.264512268102932,19.92600422832981,71.16807610993658
2019-01-01,Engineering,All,Himachal Pradesh,17.0,0.0,0.0,3165.0,288.0,1178.0,835.5,1032.5,521.5,1466.0,35.57298772169168,70.42974079126876,1.7546379413524835,19.64529331514325,80.35470668485675
2020-01-01,Engineering,All,Himachal Pradesh,16.0,0.0,0.0,3165.0,294.0,1231.0,835.5,926.0,521.5,1525.0,34.19672131147541,60.721311475409834,1.8252543387193298,19.278688524590166,80.72131147540983
2021-01-01,Engineering,All,Himachal Pradesh,14.0,0.0,0.0,3000.0,187.0,830.0,835.5,1005.0,461.0,1017.0,45.329400196656835,98.82005899705014,1.2172351885098742,18.3874139626352,81.61258603736479
2013-01-01,Management,All,Himachal Pradesh,15.0,0.0,0.0,1410.0,176.0,259.0,97.0,326.0,117.0,435.0,26.89655172413793,74.94252873563218,4.484536082474227,40.45977011494253,59.54022988505747
2014-01-01,Management,All,Himachal Pradesh,15.0,0.0,0.0,1620.0,163.0,256.0,159.0,393.0,224.0,419.0,53.46062052505967,93.7947494033413,2.6352201257861636,38.902147971360385,61.09785202863962
2015-01-01,Management,All,Himachal Pradesh,13.0,0.0,0.0,1560.0,201.0,283.0,182.0,346.0,159.0,484.0,32.85123966942149,71.48760330578511,2.659340659340659,41.52892561983471,58.47107438016529
2016-01-01,Management,All,Himachal Pradesh,11.0,0.0,0.0,1440.0,162.0,249.0,147.0,320.0,145.0,411.0,35.27980535279806,77.85888077858881,2.795918367346939,39.416058394160586,60.58394160583942
2017-01-01,Management,All,Himachal Pradesh,8.0,0.0,0.0,870.0,170.0,166.0,126.0,324.0,94.0,336.0,27.976190476190478,96.42857142857143,2.6666666666666665,50.595238095238095,49.404761904761905
2018-01-01,Management,All,Himachal Pradesh,9.0,0.0,0.0,990.0,232.0,246.0,129.0,303.0,153.0,478.0,32.00836820083682,63.38912133891213,3.705426356589147,48.53556485355649,51.46443514644351
2019-01-01,Management,All,Himachal Pradesh,7.0,0.0,0.0,660.0,139.0,194.0,91.0,279.0,244.0,333.0,73.27327327327328,83.78378378378379,3.659340659340659,41.74174174174174,58.25825825825825
2020-01-01,Management,All,Himachal Pradesh,7.0,0.0,0.0,690.0,121.0,175.0,97.0,174.0,170.0,296.0,57.432432432432435,58.78378378378378,3.051546391752577,40.87837837837838,59.12162162162162
2021-01-01,Management,All,Himachal Pradesh,7.0,0.0,0.0,510.0,98.0,99.0,81.0,228.0,109.0,197.0,55.32994923857868,115.73604060913705,2.432098765432099,49.746192893401016,50.25380710659898
2013-01-01,Pharmacy,All,Himachal Pradesh,15.0,0.0,0.0,1060.0,241.0,376.0,113.0,324.0,165.0,617.0,26.742301458670987,52.51215559157212,5.460176991150442,39.05996758508914,60.94003241491086
2014-01-01,Pharmacy,All,Himachal Pradesh,15.0,0.0,0.0,1120.0,277.0,504.0,199.0,420.0,194.0,781.0,24.839948783610755,53.77720870678617,3.9246231155778895,35.46734955185659,64.5326504481434
2015-01-01,Pharmacy,All,Himachal Pradesh,15.0,0.0,0.0,1120.0,287.0,540.0,258.0,402.0,155.0,827.0,18.742442563482467,48.60943168077388,3.205426356589147,34.7037484885127,65.2962515114873
2016-01-01,Pharmacy,All,Himachal Pradesh,17.0,0.0,0.0,1240.0,304.0,489.0,301.0,464.0,206.0,793.0,25.97730138713745,58.51197982345523,2.6345514950166113,38.33543505674653,61.66456494325347
2017-01-01,Pharmacy,All,Himachal Pradesh,16.0,0.0,0.0,1148.0,354.0,521.0,194.0,484.0,222.0,875.0,25.371428571428574,55.31428571428572,4.510309278350515,40.457142857142856,59.542857142857144
2018-01-01,Pharmacy,All,Himachal Pradesh,15.0,0.0,0.0,1070.0,305.0,594.0,293.0,450.0,201.0,899.0,22.35817575083426,50.055617352614014,3.068259385665529,33.9265850945495,66.0734149054505
2019-01-01,Pharmacy,All,Himachal Pradesh,15.0,0.0,0.0,1100.0,365.0,625.0,325.0,486.0,302.0,990.0,30.50505050505051,49.09090909090909,3.046153846153846,36.868686868686865,63.13131313131313
2020-01-01,Pharmacy,All,Himachal Pradesh,19.0,0.0,0.0,1340.0,333.0,598.0,391.0,277.0,188.0,931.0,20.193340494092375,29.752953813104188,2.3810741687979537,35.76799140708915,64.23200859291084
2021-01-01,Pharmacy,All,Himachal Pradesh,13.0,0.0,0.0,920.0,238.0,387.0,320.0,485.0,128.0,625.0,20.48,77.60000000000001,1.953125,38.080000000000005,61.919999999999995
2013-01-01,Pharmacy,Government,Jharkhand,1.0,0.0,0.0,60.0,15.0,10.0,16.0,48.0,9.0,25.0,36.0,192.0,1.5625,60.0,40.0
2014-01-01,Pharmacy,Government,Jharkhand,1.0,0.0,0.0,60.0,42.0,16.0,19.0,42.0,2.0,58.0,3.4482758620689653,72.41379310344827,3.0526315789473686,72.41379310344827,27.586206896551722
2015-01-01,Pharmacy,Government,Jharkhand,1.0,0.0,0.0,60.0,32.0,24.0,33.0,58.0,31.0,56.0,55.35714285714286,103.57142857142858,1.696969696969697,57.14285714285714,42.857142857142854
2016-01-01,Pharmacy,Government,Jharkhand,1.0,0.0,0.0,60.0,31.0,21.0,22.0,55.0,8.0,52.0,15.384615384615385,105.76923076923077,2.3636363636363638,59.61538461538461,40.38461538461539
2017-01-01,Pharmacy,Government,Jharkhand,1.0,0.0,0.0,60.0,24.0,24.0,18.0,34.0,0.0,48.0,0.0,70.83333333333334,2.6666666666666665,50.0,50.0
2018-01-01,Pharmacy,Government,Jharkhand,1.0,0.0,0.0,60.0,31.0,20.0,19.0,57.0,9.0,51.0,17.647058823529413,111.76470588235294,2.6842105263157894,60.78431372549019,39.21568627450981
2019-01-01,Pharmacy,Government,Jharkhand,1.0,0.0,0.0,60.0,32.0,21.0,17.0,49.0,7.0,53.0,13.20754716981132,92.45283018867924,3.1176470588235294,60.37735849056604,39.62264150943396
2020-01-01,Pharmacy,Government,Jharkhand,2.0,0.0,0.0,120.0,34.0,34.0,31.0,46.0,4.0,68.0,5.88235294117647,67.64705882352942,2.193548387096774,50.0,50.0
2021-01-01,Pharmacy,Government,Jharkhand,2.0,0.0,0.0,120.0,32.0,29.0,28.0,50.0,10.0,61.0,16.39344262295082,81.9672131147541,2.1785714285714284,52.459016393442624,47.540983606557376
2013-01-01,Pharmacy,Private,Jharkhand,1.0,0.0,0.0,240.0,80.0,171.0,23.0,75.0,18.0,251.0,7.171314741035857,29.880478087649404,10.91304347826087,31.872509960159363,68.12749003984064
2014-01-01,Pharmacy,Private,Jharkhand,2.0,0.0,0.0,540.0,78.0,266.0,53.0,247.0,35.0,344.0,10.174418604651162,71.80232558139535,6.490566037735849,22.674418604651162,77.32558139534885
2015-01-01,Pharmacy,Private,Jharkhand,1.0,0.0,0.0,240.0,45.0,189.0,88.0,190.0,56.0,234.0,23.931623931623932,81.19658119658119,2.659090909090909,19.230769230769234,80.76923076923077
2016-01-01,Pharmacy,Private,Jharkhand,3.0,0.0,0.0,600.0,80.0,317.0,67.0,341.0,187.0,397.0,47.103274559193956,85.8942065491184,5.925373134328358,20.151133501259448,79.84886649874056
2017-01-01,Pharmacy,Private,Jharkhand,4.0,0.0,0.0,900.0,142.0,564.0,74.0,445.0,154.0,706.0,21.813031161473088,63.03116147308781,9.54054054054054,20.113314447592067,79.88668555240793
2018-01-01,Pharmacy,Private,Jharkhand,4.0,0.0,0.0,900.0,135.0,533.0,127.0,471.0,160.0,668.0,23.952095808383234,70.50898203592814,5.25984251968504,20.209580838323355,79.79041916167665
2019-01-01,Pharmacy,Private,Jharkhand,4.0,0.0,0.0,900.0,134.0,542.0,137.0,708.0,160.0,676.0,23.668639053254438,104.73372781065089,4.934306569343065,19.82248520710059,80.1775147928994
2020-01-01,Pharmacy,Private,Jharkhand,5.0,0.0,0.0,1080.0,177.0,721.0,339.0,353.0,179.0,898.0,19.933184855233854,39.30957683741648,2.6489675516224187,19.71046770601336,80.28953229398664
2021-01-01,Pharmacy,Private,Jharkhand,5.0,0.0,0.0,1080.0,160.0,649.0,409.0,542.0,96.0,809.0,11.866501854140916,66.99629171817058,1.97799511002445,19.77750309023486,80.22249690976514
2013-01-01,Engineering,Government,Jharkhand,3.0,0.0,0.0,1430.0,211.0,1066.0,219.0,1166.0,657.0,1277.0,51.448707909162096,91.30775254502741,5.831050228310502,16.523101018010962,83.47689898198904
2014-01-01,Engineering,Government,Jharkhand,5.0,0.0,0.0,2150.0,319.0,1552.0,236.0,1138.0,654.0,1871.0,34.95456974879744,60.823089257081776,7.927966101694915,17.049706039551044,82.95029396044896
2015-01-01,Engineering,Government,Jharkhand,6.0,0.0,0.0,2480.0,409.0,1652.0,354.0,1647.0,845.0,2061.0,40.999514798641435,79.91266375545851,5.822033898305085,19.844735565259583,80.15526443474042
2016-01-01,Engineering,Government,Jharkhand,7.0,0.0,0.0,2720.0,490.0,1764.0,329.0,1838.0,861.0,2254.0,38.19875776397515,81.54392191659272,6.851063829787234,21.73913043478261,78.26086956521739
2017-01-01,Engineering,Government,Jharkhand,7.0,0.0,0.0,2720.0,443.0,1769.0,245.0,1749.0,829.0,2212.0,37.477396021699825,79.06871609403255,9.028571428571428,20.027124773960217,79.97287522603979
2018-01-01,Engineering,Government,Jharkhand,8.0,0.0,0.0,2780.0,393.0,1730.0,455.0,2057.0,978.0,2123.0,46.066886481394256,96.89119170984456,4.665934065934066,18.511540273198303,81.4884597268017
2019-01-01,Engineering,Government,Jharkhand,8.0,0.0,0.0,2750.0,350.0,1728.0,573.0,2542.0,1067.0,2078.0,51.34744947064485,122.3291626564004,3.6265270506108203,16.843118383060634,83.15688161693936
2020-01-01,Engineering,Government,Jharkhand,8.0,0.0,0.0,2720.0,369.0,1794.0,913.0,1582.0,1154.0,2163.0,53.35182616736015,73.13915857605178,2.3691128148959475,17.05963938973648,82.94036061026353
2021-01-01,Engineering,Government,Jharkhand,3.0,0.0,0.0,1070.0,153.0,642.0,648.0,722.0,240.0,795.0,30.18867924528302,90.81761006289308,1.2268518518518519,19.245283018867926,80.75471698113208
2013-01-01,Engineering,Private,Jharkhand,11.0,0.0,0.0,4440.0,732.0,2302.0,501.0,1487.0,579.0,3034.0,19.083717864205667,49.0112063282795,6.055888223552894,24.126565589980224,75.87343441001978
2014-01-01,Engineering,Private,Jharkhand,10.0,0.0,0.0,3810.0,331.0,2216.0,667.0,912.0,254.0,2547.0,9.972516686297606,35.80683156654888,3.818590704647676,12.995681193561051,87.00431880643895
2015-01-01,Engineering,Private,Jharkhand,12.0,0.0,0.0,4950.0,392.0,2353.0,887.0,1668.0,377.0,2745.0,13.734061930783243,60.76502732240437,3.0947012401352874,14.280510018214937,85.71948998178507
2016-01-01,Engineering,Private,Jharkhand,11.0,0.0,0.0,4665.0,308.0,1971.0,921.0,2122.0,381.0,2279.0,16.71785870996051,93.11101360245722,2.474484256243214,13.514699429574376,86.48530057042562
2017-01-01,Engineering,Private,Jharkhand,11.0,0.0,0.0,4365.0,274.0,1506.0,1207.5,1756.0,558.0,1780.0,31.348314606741575,98.65168539325843,1.474120082815735,15.393258426966291,84.6067415730337
2018-01-01,Engineering,Private,Jharkhand,11.0,0.0,0.0,3951.0,244.0,1509.0,1039.0,1963.0,579.0,1753.0,33.029092983456934,111.97946377638334,1.6871992300288738,13.918996006845408,86.0810039931546
2019-01-01,Engineering,Private,Jharkhand,12.0,0.0,0.0,3771.0,280.0,1253.0,982.0,1830.0,755.0,1533.0,49.24983692106979,119.37377690802349,1.5610997963340123,18.2648401826484,81.7351598173516
2020-01-01,Engineering,Private,Jharkhand,13.0,0.0,0.0,3770.0,198.0,1343.0,1207.5,1285.0,598.0,1541.0,38.80597014925373,83.38741077222582,1.276190476190476,12.848799480856588,87.15120051914342
2021-01-01,Engineering,Private,Jharkhand,18.0,0.0,0.0,5360.0,359.0,1949.0,1207.5,2026.0,1169.0,2308.0,50.649913344887345,87.78162911611786,1.9113871635610766,15.554592720970536,84.44540727902947
2013-01-01,Management,Private,Jharkhand,13.0,0.0,0.0,1935.0,359.0,726.0,170.0,941.0,774.0,1085.0,71.33640552995392,86.72811059907835,6.382352941176471,33.08755760368663,66.91244239631337
2014-01-01,Management,Private,Jharkhand,12.0,0.0,0.0,2055.0,352.0,799.0,214.0,1029.0,781.0,1151.0,67.85403996524761,89.4005212858384,5.378504672897196,30.582102519548222,69.41789748045178
2015-01-01,Management,Private,Jharkhand,14.0,0.0,0.0,2145.0,350.0,763.0,244.0,933.0,780.0,1113.0,70.08086253369272,83.82749326145552,4.561475409836065,31.446540880503143,68.55345911949685
2016-01-01,Management,Private,Jharkhand,11.0,0.0,0.0,1845.0,319.0,771.0,219.0,988.0,796.0,1090.0,73.02752293577981,90.64220183486239,4.9771689497716896,29.266055045871557,70.73394495412843
2017-01-01,Management,Private,Jharkhand,11.0,0.0,0.0,1860.0,443.0,723.0,249.0,1184.0,912.0,1166.0,78.21612349914237,101.54373927958832,4.682730923694779,37.99313893653517,62.00686106346483
2018-01-01,Management,Private,Jharkhand,12.0,0.0,0.0,1875.0,447.0,814.0,242.0,1101.0,881.0,1261.0,69.86518636003171,87.3116574147502,5.210743801652892,35.448057097541636,64.55194290245836
2019-01-01,Management,Private,Jharkhand,11.0,0.0,0.0,1755.0,456.0,766.0,201.0,1098.0,903.0,1222.0,73.89525368248772,89.85270049099836,6.079601990049751,37.315875613747956,62.68412438625205
2020-01-01,Management,Private,Jharkhand,11.0,0.0,0.0,1690.0,492.0,725.0,209.0,992.0,939.0,1217.0,77.1569433032046,81.51191454396056,5.822966507177034,40.427280197206244,59.57271980279375
2021-01-01,Management,Private,Jharkhand,12.0,0.0,0.0,1810.0,529.0,665.0,232.0,1108.0,930.0,1194.0,77.88944723618091,92.79731993299832,5.146551724137931,44.30485762144053,55.69514237855946
2013-01-01,Management,Government,Jharkhand,1.0,0.0,0.0,145.0,18.0,43.0,17.0,98.0,13.0,61.0,21.311475409836063,160.65573770491804,3.588235294117647,29.508196721311474,70.49180327868852
2014-01-01,Management,Government,Jharkhand,1.0,0.0,0.0,145.0,34.0,41.0,18.0,54.0,17.0,75.0,22.666666666666664,72.0,4.166666666666667,45.33333333333333,54.666666666666664
2015-01-01,Management,Government,Jharkhand,1.0,0.0,0.0,145.0,21.0,25.0,18.0,69.0,46.0,46.0,100.0,150.0,2.5555555555555554,45.65217391304348,54.347826086956516
2016-01-01,Management,Government,Jharkhand,1.0,0.0,0.0,145.0,35.0,28.0,19.0,96.0,31.0,63.0,49.2063492063492,152.38095238095238,3.3157894736842106,55.55555555555556,44.44444444444444
2017-01-01,Management,Government,Jharkhand,1.0,0.0,0.0,145.0,61.0,37.0,18.0,52.0,35.0,98.0,35.714285714285715,53.06122448979592,5.444444444444445,62.244897959183675,37.755102040816325
2018-01-01,Management,Government,Jharkhand,3.0,0.0,0.0,220.0,103.0,37.0,33.0,59.0,55.0,140.0,39.285714285714285,42.142857142857146,4.242424242424242,73.57142857142858,26.42857142857143
2019-01-01,Management,Government,Jharkhand,2.0,0.0,0.0,180.0,96.0,33.0,23.0,137.0,100.0,129.0,77.51937984496125,106.20155038759691,5.608695652173913,74.4186046511628,25.581395348837212
2020-01-01,Management,Government,Jharkhand,3.0,0.0,0.0,264.0,107.0,72.0,30.0,178.0,81.0,179.0,45.2513966480447,99.4413407821229,5.966666666666667,59.77653631284916,40.22346368715084
2021-01-01,Management,Government,Jharkhand,2.0,0.0,0.0,126.0,75.0,38.0,7.0,63.0,32.0,113.0,28.31858407079646,55.75221238938053,16.142857142857142,66.3716814159292,33.6283185840708
2013-01-01,Engineering,All,Jharkhand,14.0,0.0,0.0,5870.0,943.0,3368.0,720.0,2653.0,1236.0,4311.0,28.670842032011134,61.54024588262585,5.9875,21.87427511018325,78.12572488981675
2014-01-01,Engineering,All,Jharkhand,15.0,0.0,0.0,5960.0,650.0,3768.0,903.0,2050.0,908.0,4418.0,20.552286102308738,46.40108646446356,4.892580287929126,14.712539610683567,85.28746038931642
2015-01-01,Engineering,All,Jharkhand,18.0,0.0,0.0,6582.5,801.0,3824.5,1207.5,3315.0,1222.0,4565.0,26.768893756845564,72.61774370208104,3.780538302277433,17.54654983570646,83.77875136911281
2016-01-01,Engineering,All,Jharkhand,18.0,0.0,0.0,6582.5,798.0,3735.0,1207.5,3866.5,1242.0,4533.0,27.39907346128392,85.29671299360247,3.7540372670807454,17.604235605559232,82.39576439444076
2017-01-01,Engineering,All,Jharkhand,18.0,0.0,0.0,6582.5,717.0,3275.0,1207.5,3505.0,1387.0,3992.0,34.74448897795591,87.8006012024048,3.3060041407867495,17.960921843687373,82.03907815631263
2018-01-01,Engineering,All,Jharkhand,19.0,0.0,0.0,6582.5,637.0,3239.0,1207.5,3866.5,1557.0,3876.0,40.17027863777089,99.75490196078431,3.2099378881987577,16.434468524251805,83.56553147574819
2019-01-01,Engineering,All,Jharkhand,20.0,0.0,0.0,6521.0,630.0,2981.0,1207.5,3866.5,1822.0,3611.0,50.45693713652728,107.07560232622542,2.9904761904761905,17.44669066740515,82.55330933259485
2020-01-01,Engineering,All,Jharkhand,21.0,0.0,0.0,6490.0,567.0,3137.0,1207.5,2867.0,1752.0,3704.0,47.30021598272138,77.40280777537797,3.067494824016563,15.307775377969762,84.69222462203024
2021-01-01,Engineering,All,Jharkhand,21.0,0.0,0.0,6430.0,512.0,2591.0,1207.5,3143.0,1409.0,3103.0,45.40766999677731,101.2890750886239,2.5697722567287786,16.50016113438608,83.49983886561392
2013-01-01,Management,All,Jharkhand,14.0,0.0,0.0,2080.0,377.0,769.0,187.0,1039.0,787.0,1146.0,68.67364746945898,90.66317626527051,6.128342245989304,32.897033158813265,67.10296684118674
2014-01-01,Management,All,Jharkhand,13.0,0.0,0.0,2200.0,386.0,840.0,232.0,1083.0,798.0,1226.0,65.08972267536704,88.33605220228385,5.2844827586206895,31.484502446982056,68.51549755301795
2015-01-01,Management,All,Jharkhand,15.0,0.0,0.0,2290.0,371.0,788.0,262.0,1002.0,826.0,1159.0,71.26833477135462,86.45383951682484,4.423664122137405,32.01035375323555,67.98964624676445
2016-01-01,Management,All,Jharkhand,12.0,0.0,0.0,1990.0,354.0,799.0,238.0,1084.0,827.0,1153.0,71.72593235039028,94.01561144839549,4.84453781512605,30.702515177797054,69.29748482220295
2017-01-01,Management,All,Jharkhand,12.0,0.0,0.0,2005.0,504.0,760.0,267.0,1236.0,947.0,1264.0,74.92088607594937,97.78481012658227,4.734082397003745,39.87341772151899,60.12658227848101
2018-01-01,Management,All,Jharkhand,15.0,0.0,0.0,2095.0,550.0,851.0,275.0,1160.0,936.0,1401.0,66.80942184154176,82.79800142755175,5.094545454545455,39.25767309064953,60.74232690935047
2019-01-01,Management,All,Jharkhand,13.0,0.0,0.0,1935.0,552.0,799.0,224.0,1235.0,1003.0,1351.0,74.24130273871206,91.41376757957069,6.03125,40.85862324204293,59.14137675795706
2020-01-01,Management,All,Jharkhand,14.0,0.0,0.0,1936.0,599.0,797.0,239.0,1170.0,1020.0,1396.0,73.06590257879655,83.810888252149,5.841004184100418,42.90830945558739,57.09169054441261
2021-01-01,Management,All,Jharkhand,14.0,0.0,0.0,1936.0,604.0,703.0,239.0,1192.0,962.0,1307.0,73.60367253251722,91.20122417750574,5.468619246861925,46.21270084162204,53.78729915837796
2013-01-01,Pharmacy,All,Jharkhand,1.0,0.0,0.0,60.0,15.0,10.0,16.0,48.0,9.0,25.0,36.0,192.0,1.5625,60.0,40.0
2014-01-01,Pharmacy,All,Jharkhand,1.0,0.0,0.0,60.0,42.0,16.0,19.0,42.0,2.0,58.0,3.4482758620689653,72.41379310344827,3.0526315789473686,72.41379310344827,27.586206896551722
2015-01-01,Pharmacy,All,Jharkhand,1.0,0.0,0.0,60.0,32.0,24.0,33.0,58.0,31.0,56.0,55.35714285714286,103.57142857142858,1.696969696969697,57.14285714285714,42.857142857142854
2016-01-01,Pharmacy,All,Jharkhand,1.0,0.0,0.0,60.0,31.0,21.0,22.0,55.0,8.0,52.0,15.384615384615385,105.76923076923077,2.3636363636363638,59.61538461538461,40.38461538461539
2017-01-01,Pharmacy,All,Jharkhand,1.0,0.0,0.0,60.0,24.0,24.0,35.0,34.0,0.0,48.0,0.0,70.83333333333334,1.3714285714285714,50.0,50.0
2018-01-01,Pharmacy,All,Jharkhand,1.0,0.0,0.0,60.0,31.0,20.0,19.0,57.0,9.0,51.0,17.647058823529413,111.76470588235294,2.6842105263157894,60.78431372549019,39.21568627450981
2019-01-01,Pharmacy,All,Jharkhand,1.0,0.0,0.0,60.0,32.0,21.0,17.0,49.0,7.0,53.0,13.20754716981132,92.45283018867924,3.1176470588235294,60.37735849056604,39.62264150943396
2020-01-01,Pharmacy,All,Jharkhand,2.0,0.0,0.0,120.0,34.0,34.0,31.0,46.0,4.0,68.0,5.88235294117647,67.64705882352942,2.193548387096774,50.0,50.0
2021-01-01,Pharmacy,All,Jharkhand,2.0,0.0,0.0,120.0,33.0,46.0,36.0,41.0,0.0,79.0,0.0,51.89873417721519,2.1944444444444446,41.77215189873418,58.22784810126582
2013-01-01,Pharmacy,Government,Karnataka,1.0,0.0,0.0,50.0,29.0,19.0,8.0,47.0,47.0,48.0,97.91666666666666,97.91666666666666,6.0,60.416666666666664,39.58333333333333
2014-01-01,Pharmacy,Government,Karnataka,1.0,0.0,0.0,50.0,23.0,25.0,8.0,46.0,30.0,48.0,62.5,95.83333333333334,6.0,47.91666666666667,52.083333333333336
2015-01-01,Pharmacy,Government,Karnataka,1.0,0.0,0.0,50.0,20.0,14.0,8.0,45.0,5.0,34.0,14.705882352941178,132.35294117647058,4.25,58.82352941176471,41.17647058823529
2016-01-01,Pharmacy,Government,Karnataka,1.0,0.0,0.0,50.0,19.0,20.0,8.0,42.0,42.0,39.0,107.6923076923077,107.6923076923077,4.875,48.717948717948715,51.28205128205128
2017-01-01,Pharmacy,Government,Karnataka,1.0,0.0,0.0,50.0,17.0,23.0,8.0,46.0,42.0,40.0,105.0,114.99999999999999,5.0,42.5,57.49999999999999
2018-01-01,Pharmacy,Government,Karnataka,1.0,0.0,0.0,50.0,24.0,20.0,10.0,42.0,15.0,44.0,34.090909090909086,95.45454545454545,4.4,54.54545454545454,45.45454545454545
2019-01-01,Pharmacy,Government,Karnataka,1.0,0.0,0.0,60.0,20.0,25.0,10.0,56.0,5.0,45.0,11.11111111111111,124.44444444444444,4.5,44.44444444444444,55.55555555555556
2020-01-01,Pharmacy,Government,Karnataka,1.0,0.0,0.0,60.0,31.0,28.0,10.0,52.0,38.0,59.0,64.40677966101694,88.13559322033898,5.9,52.54237288135594,47.45762711864407
2021-01-01,Pharmacy,Government,Karnataka,1.0,0.0,0.0,60.0,28.0,24.0,12.0,54.0,29.0,52.0,55.769230769230774,103.84615384615385,4.333333333333333,53.84615384615385,46.15384615384615
2013-01-01,Pharmacy,Private,Karnataka,63.0,0.0,0.0,4413.0,1010.0,2010.0,913.0,1644.0,795.0,3020.0,26.32450331125828,54.437086092715234,3.307776560788609,33.443708609271525,66.55629139072848
2014-01-01,Pharmacy,Private,Karnataka,61.0,0.0,0.0,4573.0,1032.0,1704.0,1070.0,1746.0,820.0,2736.0,29.97076023391813,63.81578947368421,2.5570093457943925,37.719298245614034,62.28070175438597
2015-01-01,Pharmacy,Private,Karnataka,61.0,0.0,0.0,4794.0,1324.0,1987.0,1262.0,1799.0,774.0,3311.0,23.376623376623375,54.33403805496829,2.6236133122028527,39.9879190576865,60.0120809423135
2016-01-01,Pharmacy,Private,Karnataka,59.0,0.0,0.0,4560.0,1467.0,2343.0,1249.0,1791.0,690.0,3810.0,18.11023622047244,47.00787401574803,3.0504403522818255,38.503937007874015,61.496062992125985
2017-01-01,Pharmacy,Private,Karnataka,59.0,0.0,0.0,4500.0,1489.0,2571.0,1072.0,1884.0,801.0,4060.0,19.72906403940887,46.40394088669951,3.787313432835821,36.67487684729064,63.32512315270936
2018-01-01,Pharmacy,Private,Karnataka,62.0,2.0,0.0,4740.0,1495.0,2403.0,1274.0,2429.0,1144.0,3898.0,29.348383786557207,62.31400718317086,3.0596546310832027,38.3530015392509,61.6469984607491
2019-01-01,Pharmacy,Private,Karnataka,65.0,4.0,0.0,4820.0,1834.0,2763.0,1277.0,1920.0,1158.0,4597.0,25.190341527082882,41.76636937132913,3.5998433829287393,39.89558407657168,60.10441592342832
2020-01-01,Pharmacy,Private,Karnataka,81.0,10.0,0.0,6036.0,1566.0,2179.0,2104.0,1176.0,1014.0,3745.0,27.076101468624834,31.401869158878505,1.7799429657794676,41.815754339118826,58.184245660881174
2021-01-01,Pharmacy,Private,Karnataka,50.0,1.0,1.0,4054.0,1057.0,1254.0,1735.0,2100.0,706.0,2311.0,30.549545651233235,90.86975335352662,1.3319884726224784,45.737775854608394,54.2622241453916
2013-01-01,Engineering,Government,Karnataka,21.0,0.0,0.0,10220.0,3356.0,6286.0,2316.0,7870.0,3255.0,9642.0,33.75855631611699,81.62207010993569,4.16321243523316,34.806056834681605,65.1939431653184
2014-01-01,Engineering,Government,Karnataka,21.0,0.0,0.0,10530.0,3364.0,6240.0,2767.0,8037.0,3203.0,9604.0,33.350687213660976,83.68388171595169,3.4709071196241417,35.02707205331112,64.97292794668887
2015-01-01,Engineering,Government,Karnataka,21.0,0.0,0.0,10900.0,3418.0,6448.0,3107.0,8598.0,4156.0,9866.0,42.12446786945064,87.14778025542267,3.1754103636948825,34.64423271842692,65.35576728157308
2016-01-01,Engineering,Government,Karnataka,22.0,0.0,0.0,11340.0,3272.0,5961.0,2938.0,8815.0,4423.0,9233.0,47.90425647135276,95.47276074948554,3.1426140231449966,35.438102458572516,64.5618975414275
2017-01-01,Engineering,Government,Karnataka,21.0,0.0,1.0,10320.0,3256.0,5588.0,2688.0,8011.0,3464.0,8844.0,39.1677973767526,90.58118498417006,3.2901785714285716,36.81592039800995,63.18407960199005
2018-01-01,Engineering,Government,Karnataka,20.0,0.0,1.0,10560.0,3323.0,5439.0,2737.0,7798.0,2892.0,8762.0,33.006162976489385,88.99794567450354,3.2013153087321884,37.925131248573386,62.074868751426614
2019-01-01,Engineering,Government,Karnataka,20.0,1.0,0.0,10220.0,2898.0,5036.0,2362.0,8110.0,3136.0,7934.0,39.52609024451727,102.21830098311067,3.3590177815410667,36.526342324174436,63.47365767582556
2020-01-01,Engineering,Government,Karnataka,22.0,3.0,0.0,10976.0,3283.0,5316.0,4283.0,7521.0,3382.0,8599.0,39.330154669147575,87.46365856494941,2.0077048797571795,38.17885800674497,61.821141993255026
2021-01-01,Engineering,Government,Karnataka,25.0,3.0,0.0,11990.0,3048.0,5051.0,5081.0,8791.0,2768.0,8099.0,34.17705889616002,108.54426472403999,1.5939775634717575,37.63427583652303,62.365724163476976
2013-01-01,Engineering,Private,Karnataka,171.0,10.0,0.0,67943.0,21211.5,26669.0,7330.0,33259.0,18891.0,47403.5,39.85148775934266,70.16148596622612,6.467053206002729,44.74669591907771,56.25955889333066
2014-01-01,Engineering,Private,Karnataka,171.0,10.0,0.0,67943.0,21211.5,26669.0,7330.0,33259.0,20220.0,47403.5,42.65507821152447,70.16148596622612,6.467053206002729,44.74669591907771,56.25955889333066
2015-01-01,Engineering,Private,Karnataka,171.0,2.0,0.0,67943.0,21211.5,26669.0,7330.0,33259.0,23154.5,47403.5,48.84554937926524,70.16148596622612,6.467053206002729,44.74669591907771,56.25955889333066
2016-01-01,Engineering,Private,Karnataka,170.0,4.0,1.0,67943.0,21211.5,26669.0,7330.0,33259.0,23154.5,47403.5,48.84554937926524,70.16148596622612,6.467053206002729,44.74669591907771,56.25955889333066
2017-01-01,Engineering,Private,Karnataka,171.0,2.0,2.0,67943.0,21211.5,26669.0,7330.0,33259.0,23154.5,47403.5,48.84554937926524,70.16148596622612,6.467053206002729,44.74669591907771,56.25955889333066
2018-01-01,Engineering,Private,Karnataka,174.0,2.0,0.0,67943.0,21211.5,26669.0,7330.0,33259.0,23154.5,47403.5,48.84554937926524,70.16148596622612,6.467053206002729,44.74669591907771,56.25955889333066
2019-01-01,Engineering,Private,Karnataka,173.0,5.0,2.0,67943.0,21211.5,26669.0,7330.0,33259.0,23154.5,47403.5,48.84554937926524,70.16148596622612,6.467053206002729,44.74669591907771,56.25955889333066
2020-01-01,Engineering,Private,Karnataka,174.0,7.0,0.0,67943.0,21211.5,26669.0,7330.0,33259.0,23154.5,47403.5,48.84554937926524,70.16148596622612,6.467053206002729,44.74669591907771,56.25955889333066
2021-01-01,Engineering,Private,Karnataka,174.0,3.0,1.0,67943.0,20945.0,26669.0,7330.0,33259.0,23154.5,47403.5,48.84554937926524,70.16148596622612,6.467053206002729,44.184501144430264,56.25955889333066
2013-01-01,Management,Private,Karnataka,224.0,10.0,1.0,24900.0,4986.0,8978.0,2166.0,11599.0,6236.0,13964.0,44.65769120595818,83.06359209395589,6.44690674053555,35.70610140360928,64.29389859639072
2014-01-01,Management,Private,Karnataka,226.0,0.0,1.0,26160.0,4249.0,8285.0,2987.0,12055.0,6699.0,12534.0,53.44662517951173,96.17839476623584,4.196183461667225,33.89979256422531,66.10020743577469
2015-01-01,Management,Private,Karnataka,212.0,1.0,2.5,25050.0,4452.0,8811.0,3449.0,11431.0,6745.0,13263.0,50.855764155922486,86.18713714845812,3.845462452884894,33.5670662745985,66.43293372540148
2016-01-01,Management,Private,Karnataka,204.0,0.0,2.5,24060.0,5198.0,9666.0,3109.0,11927.0,6774.0,14864.0,45.57319698600646,80.2408503767492,4.780958507558701,34.970398277717976,65.02960172228202
2017-01-01,Management,Private,Karnataka,200.0,3.0,2.5,23640.0,5935.0,9288.0,2990.0,12337.0,7299.0,15223.0,47.94718518031925,81.04184457728437,5.091304347826087,38.98705905537673,61.012940944623274
2018-01-01,Management,Private,Karnataka,201.0,3.0,1.0,23397.0,6308.0,9675.0,3136.0,12863.0,7164.0,15983.0,44.82262403804042,80.47925921291372,5.096619897959184,39.46693361696803,60.53306638303197
2019-01-01,Management,Private,Karnataka,198.0,10.0,2.5,25210.0,8008.0,11152.0,2690.0,15556.0,9245.0,19160.0,48.25156576200417,81.18997912317327,7.122676579925651,41.79540709812108,58.20459290187892
2020-01-01,Management,Private,Karnataka,211.0,10.0,0.0,28214.0,9013.0,11690.0,3072.0,12958.0,10600.0,20703.0,51.20030913394194,62.58996280732261,6.7392578125,43.53475341737912,56.46524658262088
2021-01-01,Management,Private,Karnataka,224.0,8.0,1.0,29825.0,8352.0,10735.0,3328.0,14290.0,8949.0,19087.0,46.88531461203961,74.867711007492,5.7352764423076925,43.757531304028916,56.242468695971084
2013-01-01,Management,Government,Karnataka,13.0,0.0,0.0,1020.0,336.0,470.0,131.0,702.0,203.0,806.0,25.18610421836228,87.09677419354838,6.152671755725191,41.687344913151364,58.31265508684863
2014-01-01,Management,Government,Karnataka,11.0,0.0,0.0,840.0,161.0,284.0,158.0,491.0,154.0,445.0,34.60674157303371,110.33707865168539,2.8164556962025316,36.17977528089887,63.82022471910113
2015-01-01,Management,Government,Karnataka,11.0,0.0,0.0,840.0,215.0,288.0,125.0,466.0,117.0,503.0,23.26043737574553,92.6441351888668,4.024,42.74353876739563,57.25646123260437
2016-01-01,Management,Government,Karnataka,13.0,0.0,0.0,990.0,360.0,433.0,117.0,625.0,201.0,793.0,25.346784363177804,78.81462799495587,6.777777777777778,45.39722572509458,54.60277427490542
2017-01-01,Management,Government,Karnataka,14.0,1.0,1.0,1110.0,391.0,527.0,136.0,822.0,297.0,918.0,32.35294117647059,89.54248366013073,6.75,42.592592592592595,57.407407407407405
2018-01-01,Management,Government,Karnataka,15.0,1.0,0.0,1140.0,483.0,547.0,142.0,898.0,296.0,1030.0,28.7378640776699,87.18446601941747,7.253521126760563,46.89320388349515,53.10679611650485
2019-01-01,Management,Government,Karnataka,18.0,3.0,0.0,1340.0,514.0,602.0,141.0,938.0,456.0,1116.0,40.86021505376344,84.05017921146953,7.914893617021277,46.0573476702509,53.94265232974911
2020-01-01,Management,Government,Karnataka,20.0,1.0,0.0,1840.0,522.0,679.0,170.0,860.0,348.0,1201.0,28.975853455453787,71.60699417152372,7.064705882352941,43.46378018318068,56.53621981681932
2021-01-01,Management,Government,Karnataka,26.0,6.0,0.0,2348.0,756.0,760.0,217.0,1209.0,411.0,1516.0,27.110817941952508,79.74934036939314,6.986175115207374,49.86807387862797,50.131926121372025
2013-01-01,Engineering,All,Karnataka,192.0,10.0,0.0,67943.0,21211.5,26669.0,7330.0,33259.0,22146.0,47403.5,46.71806934087145,70.16148596622612,6.467053206002729,44.74669591907771,56.25955889333066
2014-01-01,Engineering,All,Karnataka,192.0,3.0,0.0,67943.0,21211.5,26669.0,7330.0,33259.0,23154.5,47403.5,48.84554937926524,70.16148596622612,6.467053206002729,44.74669591907771,56.25955889333066
2015-01-01,Engineering,All,Karnataka,192.0,2.0,0.0,67943.0,21211.5,26669.0,7330.0,33259.0,23154.5,47403.5,48.84554937926524,70.16148596622612,6.467053206002729,44.74669591907771,56.25955889333066
2016-01-01,Engineering,All,Karnataka,192.0,4.0,1.0,67943.0,21211.5,26669.0,7330.0,33259.0,23154.5,47403.5,48.84554937926524,70.16148596622612,6.467053206002729,44.74669591907771,56.25955889333066
2017-01-01,Engineering,All,Karnataka,192.0,2.0,2.5,67943.0,21211.5,26669.0,7330.0,33259.0,23154.5,47403.5,48.84554937926524,70.16148596622612,6.467053206002729,44.74669591907771,56.25955889333066
2018-01-01,Engineering,All,Karnataka,194.0,2.0,0.0,67943.0,21211.5,26669.0,7330.0,33259.0,23154.5,47403.5,48.84554937926524,70.16148596622612,6.467053206002729,44.74669591907771,56.25955889333066
2019-01-01,Engineering,All,Karnataka,193.0,6.0,2.0,67943.0,21211.5,26669.0,7330.0,33259.0,23154.5,47403.5,48.84554937926524,70.16148596622612,6.467053206002729,44.74669591907771,56.25955889333066
2020-01-01,Engineering,All,Karnataka,196.0,10.0,0.0,67943.0,21211.5,26669.0,7330.0,33259.0,23154.5,47403.5,48.84554937926524,70.16148596622612,6.467053206002729,44.74669591907771,56.25955889333066
2021-01-01,Engineering,All,Karnataka,199.0,6.0,1.0,67943.0,21211.5,26669.0,7330.0,33259.0,23154.5,47403.5,48.84554937926524,70.16148596622612,6.467053206002729,44.74669591907771,56.25955889333066
2013-01-01,Management,All,Karnataka,237.0,10.0,1.0,25920.0,9108.0,11495.0,3545.0,12301.0,6439.0,20603.0,31.252730184924527,59.70489734504684,5.811847672778561,44.207154297917775,55.79284570208222
2014-01-01,Management,All,Karnataka,237.0,10.0,1.0,27000.0,4410.0,8569.0,3145.0,12546.0,6853.0,12979.0,52.80067801833731,96.66384159026119,4.126868044515104,33.977964404037294,66.02203559596272
2015-01-01,Management,All,Karnataka,223.0,1.0,2.5,25890.0,4667.0,9099.0,3574.0,11897.0,6862.0,13766.0,49.847450239721056,86.42307133517362,3.8517067711247903,33.90236815342148,66.09763184657854
2016-01-01,Management,All,Karnataka,217.0,0.0,2.5,25050.0,5558.0,10099.0,3226.0,12552.0,6975.0,15657.0,44.548764131059585,80.16861467714122,4.853378797272164,35.49849907389666,64.50150092610333
2017-01-01,Management,All,Karnataka,214.0,4.0,2.5,24750.0,6326.0,9815.0,3126.0,13159.0,7596.0,16141.0,47.0602812712967,81.5253082212998,5.1634676903390915,39.19211944737005,60.807880552629946
2018-01-01,Management,All,Karnataka,216.0,4.0,1.0,24537.0,6791.0,10222.0,3278.0,13761.0,7460.0,17013.0,43.84882148944925,80.88520543114089,5.190054911531422,39.91653441485922,60.08346558514077
2019-01-01,Management,All,Karnataka,216.0,10.0,2.5,26550.0,8522.0,11754.0,2831.0,16494.0,9701.0,20276.0,47.84474255277175,81.34740579996055,7.1621335217237725,42.029986190570135,57.970013809429865
2020-01-01,Management,All,Karnataka,231.0,10.0,0.0,30054.0,9535.0,12369.0,3242.0,13818.0,10948.0,21904.0,49.98173849525201,63.08436815193572,6.756323257248612,43.53086194302411,56.4691380569759
2021-01-01,Management,All,Karnataka,250.0,10.0,1.0,32173.0,9108.0,11495.0,3545.0,14270.0,9360.0,20603.0,45.43027714410523,69.26175799640829,5.811847672778561,44.207154297917775,55.79284570208222
2013-01-01,Pharmacy,All,Karnataka,64.0,0.0,0.0,4463.0,1039.0,2029.0,921.0,1691.0,842.0,3068.0,27.444589308996086,55.11734028683182,3.3311617806731815,33.865710560625814,66.13428943937419
2014-01-01,Pharmacy,All,Karnataka,62.0,0.0,0.0,4623.0,1055.0,1729.0,1078.0,1792.0,850.0,2784.0,30.531609195402297,64.36781609195403,2.5825602968460113,37.895114942528735,62.10488505747126
2015-01-01,Pharmacy,All,Karnataka,62.0,0.0,0.0,4844.0,1344.0,2001.0,1270.0,1844.0,779.0,3345.0,23.28849028400598,55.12705530642751,2.6338582677165356,40.17937219730941,59.82062780269059
2016-01-01,Pharmacy,All,Karnataka,60.0,0.0,0.0,4610.0,1486.0,2363.0,1257.0,1833.0,732.0,3849.0,19.01792673421668,47.62275915822292,3.0620525059665873,38.607430501428944,61.392569498571056
2017-01-01,Pharmacy,All,Karnataka,60.0,0.0,0.0,4550.0,1506.0,2594.0,1080.0,1930.0,843.0,4100.0,20.560975609756095,47.073170731707314,3.7962962962962963,36.73170731707317,63.26829268292683
2018-01-01,Pharmacy,All,Karnataka,63.0,2.0,0.0,4790.0,1519.0,2423.0,1284.0,2471.0,1159.0,3942.0,29.401319127346525,62.68391679350584,3.0700934579439254,38.533739218670725,61.466260781329275
2019-01-01,Pharmacy,All,Karnataka,66.0,4.0,0.0,4880.0,1854.0,2788.0,1287.0,1976.0,1163.0,4642.0,25.053856096510124,42.56785868160276,3.606837606837607,39.93968117190866,60.06031882809134
2020-01-01,Pharmacy,All,Karnataka,82.0,10.0,0.0,6096.0,1597.0,2207.0,2114.0,1228.0,1052.0,3804.0,27.655099894847528,32.28180862250263,1.7994323557237464,41.98212407991588,58.017875920084116
2021-01-01,Pharmacy,All,Karnataka,51.0,1.0,1.0,4114.0,1085.0,1278.0,1747.0,2139.0,735.0,2363.0,31.104528142192127,90.52052475666525,1.3526044647967945,45.91620820990266,54.08379179009734
2013-01-01,Pharmacy,Government,Kerala,4.0,0.0,0.0,272.0,158.0,65.0,33.0,121.0,17.0,223.0,7.623318385650224,54.26008968609865,6.757575757575758,70.85201793721974,29.14798206278027
2014-01-01,Pharmacy,Government,Kerala,4.0,0.0,0.0,206.0,130.0,11.0,45.0,65.0,13.0,141.0,9.219858156028367,46.09929078014184,3.1333333333333333,92.19858156028369,7.801418439716312
2015-01-01,Pharmacy,Government,Kerala,5.0,1.0,0.0,266.0,142.0,13.0,51.0,88.0,36.0,155.0,23.225806451612904,56.774193548387096,3.0392156862745097,91.61290322580645,8.38709677419355
2016-01-01,Pharmacy,Government,Kerala,7.0,0.0,0.0,386.0,237.0,30.0,53.0,204.0,102.0,267.0,38.20224719101123,76.40449438202246,5.037735849056604,88.76404494382022,11.235955056179774
2017-01-01,Pharmacy,Government,Kerala,7.0,0.0,0.0,386.0,228.0,59.0,54.0,230.0,90.0,287.0,31.3588850174216,80.13937282229965,5.314814814814815,79.44250871080139,20.557491289198605
2018-01-01,Pharmacy,Government,Kerala,6.0,0.0,0.0,326.0,191.0,80.0,53.0,218.0,116.0,271.0,42.80442804428044,80.44280442804428,5.113207547169812,70.47970479704797,29.520295202952028
2019-01-01,Pharmacy,Government,Kerala,7.0,0.0,0.0,386.0,263.0,54.0,65.0,220.0,140.0,317.0,44.164037854889585,69.4006309148265,4.876923076923077,82.96529968454259,17.034700315457414
2020-01-01,Pharmacy,Government,Kerala,7.0,0.0,0.0,344.0,223.0,44.0,74.0,93.0,166.0,267.0,62.172284644194754,34.831460674157306,3.608108108108108,83.52059925093633,16.479400749063668
2021-01-01,Pharmacy,Government,Kerala,7.0,0.0,0.0,386.0,227.0,71.0,100.0,203.0,89.0,298.0,29.86577181208054,68.12080536912751,2.98,76.1744966442953,23.825503355704697
2013-01-01,Pharmacy,Private,Kerala,29.0,0.0,0.0,2040.0,1027.0,726.0,304.0,862.0,603.0,1753.0,34.39817455790074,49.17284654877353,5.766447368421052,58.58528237307473,41.414717626925274
2014-01-01,Pharmacy,Private,Kerala,29.0,0.0,0.0,2040.0,1425.0,381.0,409.0,881.0,561.0,1806.0,31.06312292358804,48.78183831672204,4.4156479217603914,78.90365448504983,21.096345514950166
2015-01-01,Pharmacy,Private,Kerala,33.0,4.0,0.0,2280.0,1565.0,409.0,577.0,889.0,589.0,1974.0,29.83789260385005,45.0354609929078,3.4211438474870017,79.2806484295846,20.7193515704154
2016-01-01,Pharmacy,Private,Kerala,34.0,3.0,0.0,2400.0,1577.0,472.0,604.0,937.0,600.0,2049.0,29.282576866764277,45.72962420693021,3.392384105960265,76.9643728648121,23.035627135187898
2017-01-01,Pharmacy,Private,Kerala,38.0,4.0,0.0,2620.0,1800.0,528.0,600.0,938.0,553.0,2328.0,23.754295532646047,40.292096219931274,3.88,77.31958762886599,22.68041237113402
2018-01-01,Pharmacy,Private,Kerala,38.0,0.0,0.0,2595.0,1780.0,509.0,691.0,983.0,550.0,2289.0,24.027959807776323,42.94451725644386,3.3125904486251807,77.76321537789428,22.236784622105723
2019-01-01,Pharmacy,Private,Kerala,42.0,4.0,0.0,2820.0,1835.0,540.0,790.0,327.0,595.0,2375.0,25.05263157894737,13.76842105263158,3.0063291139240507,77.26315789473685,22.736842105263158
2020-01-01,Pharmacy,Private,Kerala,49.0,5.0,0.0,3440.0,771.0,178.0,1067.0,172.0,194.0,949.0,20.442571127502635,18.124341412012647,0.8894095595126523,81.24341412012645,18.75658587987355
2021-01-01,Pharmacy,Private,Kerala,19.0,2.0,0.0,1520.0,541.0,151.0,437.0,578.0,64.0,692.0,9.248554913294797,83.52601156069365,1.5835240274599542,78.17919075144508,21.820809248554912
2013-01-01,Engineering,Government,Kerala,33.0,0.0,0.0,11584.0,4838.0,5742.0,1726.0,6803.0,2969.0,10580.0,28.062381852551987,64.30056710775047,6.129779837775203,45.72778827977316,54.27221172022685
2014-01-01,Engineering,Government,Kerala,33.0,0.0,0.0,11932.0,4494.0,5733.0,2275.0,7101.0,3237.0,10227.0,31.651510706952184,69.43385156937518,4.495384615384616,43.94250513347023,56.05749486652978
2015-01-01,Engineering,Government,Kerala,34.0,1.0,0.0,12466.0,4386.0,6201.0,2905.0,7521.0,3778.0,10587.0,35.68527439312364,71.03995466137715,3.644406196213425,41.42816661943893,58.57183338056107
2016-01-01,Engineering,Government,Kerala,41.0,1.0,0.0,14338.0,4502.0,7106.0,2918.0,8799.0,4341.0,11608.0,37.396623018607855,75.80117160578911,3.978067169294037,38.78359751895245,61.21640248104755
2017-01-01,Engineering,Government,Kerala,43.0,1.0,0.0,14653.0,4386.0,6201.0,2905.0,10051.0,3540.0,10587.0,33.4372343440068,94.93718711627469,3.644406196213425,41.42816661943893,58.57183338056107
2018-01-01,Engineering,Government,Kerala,44.0,0.0,0.0,14789.0,4195.0,6917.0,3310.0,10414.0,3185.0,11112.0,28.66270698344133,93.71850251979842,3.3570996978851966,37.75197984161267,62.24802015838733
2019-01-01,Engineering,Government,Kerala,45.0,1.0,0.0,14574.0,3993.0,6481.0,3309.0,9502.0,4160.0,10474.0,39.71739545541341,90.71987779262936,3.1653067391961316,38.12297116669849,61.87702883330151
2020-01-01,Engineering,Government,Kerala,44.0,1.0,0.0,13902.0,4059.0,6660.0,4573.0,8417.0,4665.0,10719.0,43.52085082563672,78.5241160556022,2.343975508418981,37.86733837111671,62.13266162888329
2021-01-01,Engineering,Government,Kerala,46.0,1.0,0.0,14682.0,4374.0,6364.0,5002.0,9708.0,3757.0,10738.0,34.987893462469735,90.4078971875582,2.1467413034786085,40.73384242875768,59.26615757124232
2013-01-01,Engineering,Private,Kerala,120.0,7.5,0.0,33572.5,10078.5,16230.0,5552.0,14597.0,5997.0,25360.0,23.647476340694006,57.55914826498423,4.567723342939481,39.74171924290221,63.99842271293375
2014-01-01,Engineering,Private,Kerala,122.0,3.0,0.0,33572.5,10078.5,16230.0,7661.5,14906.0,6529.0,25360.0,25.745268138801265,58.77760252365931,3.3100567773934606,39.74171924290221,63.99842271293375
2015-01-01,Engineering,Private,Kerala,127.0,5.0,0.0,33572.5,10078.5,16230.0,7661.5,16259.0,7361.0,25360.0,29.02602523659306,64.1127760252366,3.3100567773934606,39.74171924290221,63.99842271293375
2016-01-01,Engineering,Private,Kerala,121.0,2.0,0.0,33572.5,10078.5,16230.0,7661.5,16966.0,7960.0,25360.0,31.38801261829653,66.9006309148265,3.3100567773934606,39.74171924290221,63.99842271293375
2017-01-01,Engineering,Private,Kerala,121.0,0.0,0.0,33572.5,9084.0,16030.0,7661.5,18412.0,8556.0,25114.0,34.068646969817635,73.31368957553556,3.2779481824707957,36.17105996655252,63.82894003344748
2018-01-01,Engineering,Private,Kerala,119.0,0.0,0.0,33572.5,7481.0,13551.0,7661.5,18927.0,8185.0,21032.0,38.91688855077977,89.99144161278052,2.745154343144293,35.569608216051726,64.43039178394827
2019-01-01,Engineering,Private,Kerala,115.0,0.0,0.0,33572.5,6081.0,10918.0,7661.5,17940.0,7575.0,16999.0,44.561444790870055,105.53561974233779,2.2187561182536055,35.772692511324195,64.2273074886758
2020-01-01,Engineering,Private,Kerala,110.0,1.0,0.0,33572.5,6302.0,11801.0,7661.5,14817.0,7561.0,18103.0,41.76655802905596,81.84831243440314,2.3628532271748353,34.81190962823841,65.18809037176159
2021-01-01,Engineering,Private,Kerala,106.0,0.0,0.0,33572.5,6532.0,12254.0,7661.5,15624.0,5739.0,18786.0,30.54934525710636,83.16831683168317,2.452000261045487,34.770573831576705,65.2294261684233
2013-01-01,Management,Private,Kerala,70.0,3.0,0.0,6410.0,2055.0,2468.0,521.0,2753.0,1832.0,4523.0,40.50409020561574,60.86668140614636,8.681381957773512,45.43444616405041,54.565553835949586
2014-01-01,Management,Private,Kerala,75.0,3.0,0.0,7320.0,1780.0,2244.0,742.0,3330.0,2254.0,4024.0,56.01391650099403,82.7534791252485,5.423180592991914,44.23459244532803,55.76540755467197
2015-01-01,Management,Private,Kerala,75.0,2.0,0.0,7440.0,2045.0,2219.0,906.0,3156.0,2226.0,4264.0,52.204502814258916,74.01500938086303,4.706401766004415,47.95966228893058,52.04033771106942
2016-01-01,Management,Private,Kerala,76.0,3.0,0.0,7380.0,2244.0,2076.0,951.0,2832.0,1915.0,4320.0,44.3287037037037,65.55555555555556,4.542586750788644,51.94444444444445,48.05555555555556
2017-01-01,Management,Private,Kerala,77.0,4.0,0.0,7248.0,1920.0,1423.0,1018.0,3042.0,2258.0,3343.0,67.5441220460664,90.99611127729584,3.2838899803536346,57.43344301525576,42.56655698474424
2018-01-01,Management,Private,Kerala,77.0,0.0,0.0,7110.0,2090.0,1478.0,973.0,2726.0,1905.0,3568.0,53.39125560538116,76.40134529147981,3.667009249743063,58.57623318385651,41.4237668161435
2019-01-01,Management,Private,Kerala,74.0,0.0,0.0,6610.0,2148.0,1717.0,870.0,2784.0,2102.0,3865.0,54.38551099611901,72.03104786545926,4.442528735632184,55.57567917205692,44.424320827943085
2020-01-01,Management,Private,Kerala,75.0,2.0,0.0,6835.0,2136.0,1503.0,849.0,2476.0,2246.0,3639.0,61.72025281670789,68.04067051387744,4.286219081272085,58.69744435284419,41.30255564715581
2021-01-01,Management,Private,Kerala,75.0,2.0,0.0,6835.0,2487.0,1981.0,868.0,2579.0,1858.0,4468.0,41.58460161145926,57.721575649059986,5.147465437788019,55.66248880931065,44.33751119068934
2013-01-01,Management,Government,Kerala,6.0,0.0,0.0,450.0,145.0,231.0,47.0,340.0,202.0,376.0,53.72340425531915,90.42553191489363,8.0,38.56382978723404,61.43617021276596
2014-01-01,Management,Government,Kerala,6.0,0.0,0.0,570.0,190.0,243.0,55.0,355.0,185.0,433.0,42.725173210161664,81.98614318706697,7.872727272727273,43.87990762124711,56.12009237875289
2015-01-01,Management,Government,Kerala,6.0,0.0,0.0,570.0,221.0,250.0,65.0,397.0,243.0,471.0,51.59235668789809,84.28874734607218,7.246153846153846,46.92144373673036,53.07855626326964
2016-01-01,Management,Government,Kerala,7.0,0.0,0.0,600.0,291.0,280.0,73.0,448.0,248.0,571.0,43.43257443082312,78.45884413309983,7.821917808219178,50.96322241681261,49.036777583187394
2017-01-01,Management,Government,Kerala,7.0,0.0,0.0,600.0,249.0,213.0,74.0,519.0,243.0,462.0,52.5974025974026,112.33766233766234,6.243243243243243,53.896103896103895,46.103896103896105
2018-01-01,Management,Government,Kerala,7.0,0.0,0.0,600.0,289.0,306.0,76.0,488.0,311.0,595.0,52.268907563025216,82.01680672268907,7.828947368421052,48.57142857142857,51.42857142857142
2019-01-01,Management,Government,Kerala,7.0,0.0,0.0,600.0,335.0,215.0,80.0,462.0,293.0,550.0,53.27272727272727,84.0,6.875,60.909090909090914,39.09090909090909
2020-01-01,Management,Government,Kerala,7.0,0.0,0.0,597.0,286.0,254.0,84.0,334.0,284.0,540.0,52.59259259259259,61.85185185185185,6.428571428571429,52.96296296296297,47.03703703703704
2021-01-01,Management,Government,Kerala,8.0,0.0,0.0,690.0,361.0,271.0,86.0,508.0,301.0,632.0,47.62658227848101,80.37974683544303,7.348837209302325,57.120253164556964,42.879746835443036
2013-01-01,Engineering,All,Kerala,153.0,7.5,0.0,33572.5,10078.5,16230.0,7278.0,21400.0,8966.0,25360.0,35.35488958990536,84.38485804416403,3.4844737565265183,39.74171924290221,63.99842271293375
2014-01-01,Engineering,All,Kerala,155.0,3.0,0.0,33572.5,10078.5,16230.0,7661.5,22007.0,9766.0,25360.0,38.50946372239748,86.77839116719242,3.3100567773934606,39.74171924290221,63.99842271293375
2015-01-01,Engineering,All,Kerala,161.0,6.0,0.0,33572.5,10078.5,16230.0,7661.5,23491.5,9933.5,25360.0,39.16995268138802,92.6320977917981,3.3100567773934606,39.74171924290221,63.99842271293375
2016-01-01,Engineering,All,Kerala,162.0,2.0,0.0,33572.5,10078.5,16230.0,7661.5,23491.5,9933.5,25360.0,39.16995268138802,92.6320977917981,3.3100567773934606,39.74171924290221,63.99842271293375
2017-01-01,Engineering,All,Kerala,164.0,2.0,0.0,33572.5,10078.5,16230.0,7661.5,23491.5,9933.5,25360.0,39.16995268138802,92.6320977917981,3.3100567773934606,39.74171924290221,63.99842271293375
2018-01-01,Engineering,All,Kerala,163.0,0.0,0.0,33572.5,10078.5,16230.0,7661.5,23491.5,9933.5,25360.0,39.16995268138802,92.6320977917981,3.3100567773934606,39.74171924290221,63.99842271293375
2019-01-01,Engineering,All,Kerala,160.0,1.0,0.0,33572.5,10074.0,16230.0,7661.5,23491.5,9933.5,25360.0,39.16995268138802,92.6320977917981,3.3100567773934606,39.723974763406936,63.99842271293375
2020-01-01,Engineering,All,Kerala,154.0,2.0,0.0,33572.5,10078.5,16230.0,7661.5,23234.0,9933.5,25360.0,39.16995268138802,91.6167192429022,3.3100567773934606,39.74171924290221,63.99842271293375
2021-01-01,Engineering,All,Kerala,152.0,1.0,0.0,33572.5,10078.5,16230.0,7661.5,22804.0,9496.0,25360.0,37.444794952681384,89.9211356466877,3.3100567773934606,39.74171924290221,63.99842271293375
2013-01-01,Management,All,Kerala,76.0,3.0,0.0,6860.0,2200.0,2699.0,568.0,3093.0,2034.0,4899.0,41.51867728107777,63.13533374157991,8.625,44.90712390283731,55.09287609716269
2014-01-01,Management,All,Kerala,81.0,3.0,0.0,7890.0,1970.0,2487.0,797.0,3685.0,2439.0,4457.0,54.722907785505946,82.67893201705184,5.592220828105395,44.20013461969935,55.79986538030065
2015-01-01,Management,All,Kerala,81.0,2.0,0.0,8010.0,2266.0,2469.0,971.0,3553.0,2469.0,4735.0,52.143611404435056,75.03695881731784,4.876416065911432,47.856388595564944,52.143611404435056
2016-01-01,Management,All,Kerala,83.0,3.0,0.0,7980.0,2535.0,2356.0,1024.0,3280.0,2163.0,4891.0,44.22408505418115,67.06195052136577,4.7763671875,51.8298916377019,48.170108362298095
2017-01-01,Management,All,Kerala,84.0,4.0,0.0,7848.0,2169.0,1636.0,1092.0,3561.0,2501.0,3805.0,65.7293035479632,93.58738501971091,3.4844322344322345,57.00394218134034,42.99605781865966
2018-01-01,Management,All,Kerala,84.0,0.0,0.0,7710.0,2379.0,1784.0,1049.0,3214.0,2216.0,4163.0,53.23084314196493,77.20393946673072,3.9685414680648234,57.14628873408599,42.853711265914
2019-01-01,Management,All,Kerala,81.0,0.0,0.0,7210.0,2483.0,1932.0,950.0,3246.0,2395.0,4415.0,54.24688561721405,73.52208380520952,4.647368421052631,56.2400906002265,43.7599093997735
2020-01-01,Management,All,Kerala,82.0,2.0,0.0,7432.0,2422.0,1757.0,933.0,2810.0,2530.0,4179.0,60.54079923426657,67.24096673845418,4.479099678456592,57.95644891122278,42.04355108877722
2021-01-01,Management,All,Kerala,83.0,2.0,0.0,7525.0,2848.0,2252.0,954.0,3264.0,2159.0,5100.0,42.333333333333336,64.0,5.345911949685535,55.84313725490196,44.15686274509804
2013-01-01,Pharmacy,All,Kerala,33.0,0.0,0.0,2312.0,1185.0,791.0,337.0,983.0,620.0,1976.0,31.376518218623485,49.74696356275304,5.863501483679525,59.96963562753036,40.030364372469634
2014-01-01,Pharmacy,All,Kerala,33.0,0.0,0.0,2246.0,1555.0,392.0,454.0,946.0,574.0,1947.0,29.48125321006677,48.58757062146893,4.288546255506608,79.86646122239343,20.133538777606574
2015-01-01,Pharmacy,All,Kerala,38.0,5.0,0.0,2546.0,1707.0,422.0,628.0,977.0,625.0,2129.0,29.356505401596994,45.89008924377642,3.390127388535032,80.17848755284172,19.82151244715829
2016-01-01,Pharmacy,All,Kerala,41.0,3.0,0.0,2786.0,1814.0,502.0,657.0,1141.0,702.0,2316.0,30.310880829015545,49.265975820379964,3.5251141552511416,78.32469775474958,21.675302245250432
2017-01-01,Pharmacy,All,Kerala,45.0,4.0,0.0,3006.0,2028.0,587.0,654.0,1168.0,643.0,2615.0,24.58891013384321,44.66539196940727,3.9984709480122325,77.55258126195028,22.447418738049713
2018-01-01,Pharmacy,All,Kerala,44.0,0.0,0.0,2921.0,1971.0,589.0,744.0,1201.0,666.0,2560.0,26.015624999999996,46.9140625,3.4408602150537635,76.9921875,23.0078125
2019-01-01,Pharmacy,All,Kerala,49.0,4.0,0.0,3206.0,2098.0,594.0,855.0,547.0,735.0,2692.0,27.303120356612183,20.319465081723624,3.1485380116959063,77.93462109955424,22.065378900445765
2020-01-01,Pharmacy,All,Kerala,56.0,5.0,0.0,3784.0,994.0,222.0,1141.0,265.0,360.0,1216.0,29.605263157894733,21.792763157894736,1.0657318141980718,81.74342105263158,18.25657894736842
2021-01-01,Pharmacy,All,Kerala,26.0,2.0,0.0,1906.0,768.0,222.0,537.0,1310.0,153.0,990.0,15.454545454545453,132.32323232323233,1.8435754189944134,77.57575757575758,22.424242424242426
2013-01-01,Pharmacy,Government,Madhya Pradesh,2.0,0.0,0.0,126.0,32.0,87.0,24.0,89.0,25.0,119.0,21.008403361344538,74.78991596638656,4.958333333333333,26.89075630252101,73.10924369747899
2014-01-01,Pharmacy,Government,Madhya Pradesh,2.0,0.0,0.0,126.0,48.0,66.0,9.0,97.0,30.0,114.0,26.31578947368421,85.08771929824562,12.666666666666666,42.10526315789473,57.89473684210527
2015-01-01,Pharmacy,Government,Madhya Pradesh,2.0,0.0,0.0,126.0,54.0,61.0,13.0,90.0,33.0,115.0,28.695652173913043,78.26086956521739,8.846153846153847,46.95652173913044,53.04347826086957
2016-01-01,Pharmacy,Government,Madhya Pradesh,5.0,0.0,0.0,306.0,120.0,170.0,14.0,225.0,80.0,290.0,27.586206896551722,77.58620689655173,20.714285714285715,41.37931034482759,58.620689655172406
2017-01-01,Pharmacy,Government,Madhya Pradesh,5.0,0.0,0.0,306.0,117.0,155.0,16.0,217.0,69.0,272.0,25.36764705882353,79.77941176470588,17.0,43.01470588235294,56.98529411764706
2018-01-01,Pharmacy,Government,Madhya Pradesh,6.0,1.0,0.0,406.0,131.0,223.0,19.0,242.0,43.0,354.0,12.146892655367232,68.36158192090396,18.63157894736842,37.005649717514125,62.994350282485875
2019-01-01,Pharmacy,Government,Madhya Pradesh,6.0,1.0,0.0,406.0,160.0,195.0,35.0,187.0,51.0,355.0,14.366197183098592,52.67605633802817,10.142857142857142,45.07042253521127,54.929577464788736
2020-01-01,Pharmacy,Government,Madhya Pradesh,6.0,1.0,0.0,446.0,180.0,229.0,48.0,127.0,81.0,409.0,19.80440097799511,31.05134474327628,8.520833333333334,44.00977995110024,55.99022004889975
2021-01-01,Pharmacy,Government,Madhya Pradesh,6.0,0.0,0.0,440.0,135.0,231.0,45.0,210.0,26.0,366.0,7.103825136612022,57.377049180327866,8.133333333333333,36.885245901639344,63.114754098360656
2013-01-01,Pharmacy,Private,Madhya Pradesh,89.0,1.0,0.0,6612.0,1781.0,3342.0,1205.0,2697.0,1034.0,5123.0,20.18348623853211,52.64493460862776,4.251452282157676,34.76478625805192,65.23521374194807
2014-01-01,Pharmacy,Private,Madhya Pradesh,89.0,0.0,0.0,6852.0,930.0,3981.0,1582.0,2734.0,1063.0,4911.0,21.64528609244553,55.67094278151089,3.104298356510746,18.93708002443494,81.06291997556507
2015-01-01,Pharmacy,Private,Madhya Pradesh,85.0,0.0,1.0,6672.0,946.0,4029.0,1888.0,2849.0,1102.0,4975.0,22.150753768844222,57.266331658291456,2.6350635593220337,19.015075376884422,80.98492462311557
2016-01-01,Pharmacy,Private,Madhya Pradesh,78.0,0.0,2.0,6174.0,1140.0,4011.0,1745.0,2848.0,1075.0,5151.0,20.869734032226752,55.290234905843526,2.9518624641833813,22.1316249271986,77.8683750728014
2017-01-01,Pharmacy,Private,Madhya Pradesh,80.0,1.0,0.0,6152.0,1138.0,4164.0,1682.0,3087.0,1312.0,5302.0,24.745379102225577,58.22331195775179,3.1521997621878715,21.46359864202188,78.53640135797812
2018-01-01,Pharmacy,Private,Madhya Pradesh,79.0,3.0,0.0,6172.0,1095.0,4519.0,2016.0,3569.0,1644.0,5614.0,29.283933024581405,63.57320983256145,2.7847222222222223,19.504809405058783,80.49519059494122
2019-01-01,Pharmacy,Private,Madhya Pradesh,94.0,7.5,0.0,7339.0,1316.0,5599.0,2151.0,3494.0,1613.0,6915.0,23.326102675343456,50.52783803326103,3.214783821478382,19.031091829356473,80.96890817064353
2020-01-01,Pharmacy,Private,Madhya Pradesh,133.0,7.5,0.0,10764.0,1608.0,6687.0,2907.0,2172.0,1710.0,8295.0,20.61482820976492,26.184448462929478,2.853457172342621,19.38517179023508,80.61482820976492
2021-01-01,Pharmacy,Private,Madhya Pradesh,109.0,2.0,0.0,9525.0,1132.0,4069.0,3220.0,2474.0,1059.0,5201.0,20.361468948279178,47.567775427802346,1.6152173913043477,21.765045183618533,78.23495481638146
2013-01-01,Engineering,Government,Madhya Pradesh,8.0,0.0,0.0,3769.0,972.0,2205.0,435.0,2538.0,955.0,3177.0,30.05980484734026,79.88668555240793,7.303448275862069,30.59490084985836,69.40509915014165
2014-01-01,Engineering,Government,Madhya Pradesh,8.0,0.0,0.0,4096.0,1008.0,2535.0,515.0,3060.0,1100.0,3543.0,31.047135196161445,86.36748518204911,6.879611650485437,28.450465707027945,71.54953429297206
2015-01-01,Engineering,Government,Madhya Pradesh,9.0,0.0,0.0,4381.0,1069.0,2813.0,556.0,2984.0,1153.0,3882.0,29.701184956208138,76.86759402369913,6.982014388489208,27.53735188047398,72.46264811952602
2016-01-01,Engineering,Government,Madhya Pradesh,15.0,0.0,0.0,6534.0,1471.0,4251.0,584.0,4436.0,2003.0,5722.0,35.005242922055224,77.5253407899336,9.797945205479452,25.707794477455437,74.29220552254456
2017-01-01,Engineering,Government,Madhya Pradesh,15.0,0.0,0.0,6144.0,1445.0,4390.0,567.0,5159.0,2175.0,5835.0,37.275064267352185,88.41473864610111,10.291005291005291,24.764353041988006,75.235646958012
2018-01-01,Engineering,Government,Madhya Pradesh,15.0,0.0,0.0,6244.0,1250.0,4317.0,625.0,5336.0,2044.0,5567.0,36.716364289563494,95.85054787138495,8.9072,22.453745284713488,77.54625471528651
2019-01-01,Engineering,Government,Madhya Pradesh,15.0,0.0,0.0,6304.0,1307.0,4131.0,840.0,5382.0,1724.0,5438.0,31.702831923501286,98.97020963589554,6.473809523809524,24.034571533652077,75.96542846634792
2020-01-01,Engineering,Government,Madhya Pradesh,16.0,1.0,0.0,6258.0,1312.0,4646.0,2595.0,2883.0,1662.0,5958.0,27.895266868076536,48.388721047331316,2.2959537572254334,22.020812353138638,77.97918764686136
2021-01-01,Engineering,Government,Madhya Pradesh,18.0,1.0,0.0,6753.0,1295.0,4528.0,2789.0,4982.0,1528.0,5823.0,26.240769362871376,85.55727288339344,2.0878451057726783,22.239395500601063,77.76060449939894
2013-01-01,Engineering,Private,Madhya Pradesh,218.0,3.0,0.0,89883.5,16824.5,46360.0,7763.5,39534.0,14805.0,63688.0,23.24613741992212,62.07448812963195,8.203516455207058,26.417064439140812,72.79236276849642
2014-01-01,Engineering,Private,Madhya Pradesh,216.0,2.0,0.0,89883.5,9307.0,45830.0,7763.5,42179.0,16089.0,55137.0,29.180042439741012,76.49854000036274,7.102080247311135,16.879772203783304,83.1202277962167
2015-01-01,Engineering,Private,Madhya Pradesh,215.0,0.0,0.0,89883.5,7362.0,37953.0,7763.5,42304.0,16944.0,45315.0,37.39159218801721,93.35540108131966,5.836929220068268,16.24627606752731,83.7537239324727
2016-01-01,Engineering,Private,Madhya Pradesh,203.0,1.0,3.0,89883.5,7146.0,35041.0,7763.5,41921.0,18009.0,42187.0,42.688505937848156,99.36947400858084,5.434018161911509,16.93886742361391,83.06113257638609
2017-01-01,Engineering,Private,Madhya Pradesh,196.0,0.0,5.0,89883.5,6375.0,29629.0,7763.5,39519.0,17165.0,36004.0,47.67525830463282,109.76280413287411,4.637599021060089,17.70636595933785,82.29363404066214
2018-01-01,Engineering,Private,Madhya Pradesh,182.0,1.0,5.0,81999.0,5896.0,26705.0,7763.5,36428.0,16454.0,32601.0,50.47084445262415,111.73890371460998,4.199265795066658,18.08533480568081,81.9146651943192
2019-01-01,Engineering,Private,Madhya Pradesh,171.0,0.0,2.0,72609.0,6006.0,26709.0,7763.5,37855.0,17332.0,32715.0,52.978755922359774,115.71144734831118,4.2139498937334965,18.358551123337918,81.64144887666208
2020-01-01,Engineering,Private,Madhya Pradesh,160.0,0.0,3.0,65076.0,7010.0,28960.0,7763.5,26224.0,18556.0,35970.0,51.58743397275507,72.90519877675841,4.633219553036646,19.488462607728664,80.51153739227134
2021-01-01,Engineering,Private,Madhya Pradesh,161.0,2.0,2.0,65448.0,6915.0,28129.0,7763.5,30641.0,12225.0,35044.0,34.8847163565803,87.43579500057072,4.513943453339344,19.73233649126812,80.26766350873189
2013-01-01,Management,Private,Madhya Pradesh,214.0,6.0,0.0,23475.0,7104.0,9612.0,2222.0,11269.0,5773.0,16716.0,34.53577410863843,67.41445321847331,7.522952295229523,42.498205312275665,57.50179468772434
2014-01-01,Management,Private,Madhya Pradesh,209.0,0.0,3.0,25095.0,5361.0,11925.0,2756.0,12454.0,6443.0,17286.0,37.27293763739442,72.04674302904084,6.272133526850508,31.013536966331134,68.98646303366887
2015-01-01,Management,Private,Madhya Pradesh,206.0,4.0,3.0,26322.0,5618.0,11531.0,3224.0,12480.0,6838.0,17149.0,39.874045133827046,72.77392267770716,5.319168734491315,32.75992769257683,67.24007230742318
2016-01-01,Management,Private,Madhya Pradesh,198.0,2.0,1.0,25770.0,6588.0,12248.0,3223.0,12554.0,6225.0,18836.0,33.048417923125925,66.64897005733701,5.844244492708657,34.97557867912508,65.02442132087492
2017-01-01,Management,Private,Madhya Pradesh,196.0,3.0,2.0,25740.0,7018.0,11719.0,3152.0,13065.0,6759.0,18737.0,36.07301062069702,69.72834498585686,5.944479695431472,37.455302342957786,62.544697657042214
2018-01-01,Management,Private,Madhya Pradesh,200.0,7.5,0.0,26595.0,8266.0,13479.0,3303.0,15333.0,7437.0,21745.0,34.2009657392504,70.51276155438032,6.5834090221011206,38.013336399172225,61.986663600827775
2019-01-01,Management,Private,Madhya Pradesh,199.0,7.5,3.0,27570.0,9362.0,14336.0,2912.0,17032.0,9203.0,23698.0,38.834500801755425,71.87104396995527,8.13804945054945,39.505443497341545,60.49455650265845
2020-01-01,Management,Private,Madhya Pradesh,225.0,7.5,1.0,37194.0,12342.0,20718.0,3216.0,17930.0,11013.0,33060.0,33.312159709618875,54.234724742891714,10.279850746268657,37.33212341197822,62.66787658802178
2021-01-01,Management,Private,Madhya Pradesh,277.0,7.5,5.0,54249.0,15839.0,29692.0,4083.0,26647.0,8552.0,45531.0,18.78280731809097,58.524961015571805,11.151359294636297,34.78728778195076,65.21271221804923
2013-01-01,Management,Government,Madhya Pradesh,13.0,0.0,0.0,1023.0,335.0,397.0,114.0,428.0,155.0,732.0,21.174863387978142,58.46994535519126,6.421052631578948,45.76502732240437,54.23497267759563
2014-01-01,Management,Government,Madhya Pradesh,13.0,0.0,0.0,1023.0,259.0,396.0,96.0,406.0,172.0,655.0,26.259541984732827,61.98473282442748,6.822916666666667,39.541984732824424,60.45801526717557
2015-01-01,Management,Government,Madhya Pradesh,13.0,0.0,0.0,1023.0,275.0,323.0,90.0,330.0,159.0,598.0,26.588628762541806,55.18394648829431,6.644444444444445,45.9866220735786,54.0133779264214
2016-01-01,Management,Government,Madhya Pradesh,21.0,0.0,0.0,1593.0,447.0,501.0,136.0,838.0,395.0,948.0,41.66666666666667,88.39662447257383,6.970588235294118,47.151898734177216,52.84810126582279
2017-01-01,Management,Government,Madhya Pradesh,21.0,1.0,0.0,1404.0,431.0,536.0,115.0,824.0,391.0,967.0,40.43433298862461,85.21199586349535,8.408695652173913,44.570837642192345,55.42916235780765
2018-01-01,Management,Government,Madhya Pradesh,23.0,3.0,0.0,1794.0,433.0,499.0,136.0,818.0,442.0,932.0,47.42489270386266,87.76824034334764,6.852941176470588,46.45922746781116,53.54077253218884
2019-01-01,Management,Government,Madhya Pradesh,20.0,0.0,0.0,1376.0,439.0,612.0,93.0,891.0,402.0,1051.0,38.24928639391056,84.77640342530923,11.301075268817204,41.769743101807805,58.2302568981922
2020-01-01,Management,Government,Madhya Pradesh,20.0,0.0,0.0,1388.0,468.0,484.0,100.0,476.0,354.0,952.0,37.18487394957983,50.0,9.52,49.159663865546214,50.84033613445378
2021-01-01,Management,Government,Madhya Pradesh,18.0,2.0,0.0,1420.0,365.0,467.0,93.0,687.0,331.0,832.0,39.78365384615385,82.57211538461539,8.946236559139784,43.87019230769231,56.129807692307686
2013-01-01,Engineering,All,Madhya Pradesh,226.0,3.0,0.0,89883.5,16824.5,48565.0,7763.5,42072.0,15760.0,66865.0,23.569879608165706,62.92081058849921,8.612739099632897,25.161893367232484,72.63142152097511
2014-01-01,Engineering,All,Madhya Pradesh,224.0,2.0,0.0,89883.5,10315.0,48365.0,7763.5,42304.0,17189.0,58680.0,29.292774369461487,72.09270620313565,7.558446576930508,17.57839127471029,82.4216087252897
2015-01-01,Engineering,All,Madhya Pradesh,224.0,0.0,0.0,89883.5,8431.0,40766.0,7763.5,42304.0,18097.0,49197.0,36.784763298575115,85.98898306807325,6.336961422039029,17.13722381446023,82.86277618553977
2016-01-01,Engineering,All,Madhya Pradesh,218.0,1.0,3.0,89883.5,8617.0,39292.0,7763.5,42304.0,20012.0,47909.0,41.77085725020351,88.30073681354233,6.171056868680363,17.986182136968,82.013817863032
2017-01-01,Engineering,All,Madhya Pradesh,211.0,0.0,5.0,89883.5,7820.0,34019.0,7763.5,42304.0,19340.0,41839.0,46.22481416859868,101.11140323621501,5.3891930186127395,18.69069528430412,81.30930471569589
2018-01-01,Engineering,All,Madhya Pradesh,197.0,1.0,5.0,88243.0,7146.0,31022.0,7763.5,41764.0,18498.0,38168.0,48.464682456508065,109.42150492559213,4.916339279963934,18.72249004401593,81.27750995598407
2019-01-01,Engineering,All,Madhya Pradesh,186.0,0.0,2.0,78913.0,7313.0,30840.0,7763.5,42304.0,19056.0,38153.0,49.946268969674726,110.87987838439966,4.914407161718297,19.167562183838754,80.83243781616125
2020-01-01,Engineering,All,Madhya Pradesh,176.0,1.0,3.0,71334.0,8322.0,33606.0,7763.5,29107.0,20218.0,41928.0,48.22075939706163,69.42138904789162,5.400656920203517,19.848311390955924,80.15168860904409
2021-01-01,Engineering,All,Madhya Pradesh,179.0,3.0,2.0,72201.0,8210.0,32657.0,7763.5,35078.0,13753.0,40867.0,33.65306971395013,85.83453642303081,5.263991756295486,20.08955881273399,79.91044118726602
2013-01-01,Management,All,Madhya Pradesh,227.0,6.0,0.0,24498.0,7439.0,10009.0,2336.0,11697.0,5928.0,17448.0,33.97524071526822,67.03920220082532,7.469178082191781,42.63525905547914,57.36474094452086
2014-01-01,Management,All,Madhya Pradesh,222.0,0.0,3.0,26118.0,5620.0,12321.0,2852.0,12860.0,6615.0,17941.0,36.87085446742099,71.67939356780558,6.290673211781206,31.32489827768798,68.67510172231202
2015-01-01,Management,All,Madhya Pradesh,219.0,4.0,3.0,27345.0,5893.0,11854.0,3314.0,12810.0,6997.0,17747.0,39.426381923705414,72.18121372626359,5.3551599275799635,33.20561221614921,66.7943877838508
2016-01-01,Management,All,Madhya Pradesh,219.0,2.0,1.0,27363.0,7035.0,12749.0,3359.0,13392.0,6620.0,19784.0,33.46138293570562,67.69106348564496,5.889848169097946,35.55903760614638,64.44096239385362
2017-01-01,Management,All,Madhya Pradesh,217.0,4.0,2.0,27144.0,7449.0,12255.0,3267.0,13889.0,7150.0,19704.0,36.28704831506293,70.4882257409663,6.031221303948577,37.80450669914738,62.195493300852625
2018-01-01,Management,All,Madhya Pradesh,223.0,7.5,0.0,28389.0,8699.0,13978.0,3439.0,16151.0,7879.0,22677.0,34.74445473387132,71.22194293777837,6.594068043035766,38.36045332274992,61.63954667725008
2019-01-01,Management,All,Madhya Pradesh,219.0,7.5,3.0,28946.0,9801.0,14948.0,3005.0,17923.0,9605.0,24749.0,38.809648874702006,72.41908763990465,8.235940099833611,39.60160006464908,60.39839993535092
2020-01-01,Management,All,Madhya Pradesh,245.0,7.5,1.0,38582.0,12810.0,21202.0,3316.0,18406.0,11367.0,34012.0,33.420557450311655,54.11619428437022,10.256936067551267,37.663177701987536,62.336822298012464
2021-01-01,Management,All,Madhya Pradesh,295.0,7.5,5.0,55669.0,16204.0,30159.0,4176.0,24357.0,8883.0,46363.0,19.159674740633694,52.53542695684058,11.102250957854405,34.95028363134396,65.04971636865604
2013-01-01,Pharmacy,All,Madhya Pradesh,91.0,1.0,0.0,6738.0,1813.0,3429.0,1229.0,2786.0,1059.0,5242.0,20.20221289584128,53.14765356734071,4.265256305939788,34.58603586417398,65.41396413582602
2014-01-01,Pharmacy,All,Madhya Pradesh,91.0,0.0,0.0,6978.0,978.0,4047.0,1591.0,2831.0,1093.0,5025.0,21.75124378109453,56.33830845771144,3.1583909490886235,19.462686567164177,80.53731343283582
2015-01-01,Pharmacy,All,Madhya Pradesh,87.0,0.0,1.0,6798.0,1000.0,4090.0,1901.0,2939.0,1135.0,5090.0,22.29862475442043,57.74066797642436,2.6775381378221987,19.646365422396855,80.35363457760315
2016-01-01,Pharmacy,All,Madhya Pradesh,83.0,0.0,2.0,6480.0,1260.0,4181.0,1759.0,3073.0,1155.0,5441.0,21.227715493475465,56.47858849476199,3.0932347924957364,23.157507811064143,76.84249218893586
2017-01-01,Pharmacy,All,Madhya Pradesh,85.0,1.0,0.0,6458.0,1255.0,4319.0,1698.0,3304.0,1381.0,5574.0,24.775744528166488,59.27520631503409,3.282685512367491,22.51524937208468,77.48475062791532
2018-01-01,Pharmacy,All,Madhya Pradesh,85.0,4.0,0.0,6578.0,1226.0,4742.0,2035.0,3811.0,1687.0,5968.0,28.267426273458447,63.857238605898125,2.9326781326781326,20.54289544235925,79.45710455764075
2019-01-01,Pharmacy,All,Madhya Pradesh,100.0,7.5,0.0,7745.0,1476.0,5794.0,2186.0,3681.0,1664.0,7270.0,22.888583218707016,50.63273727647868,3.325709057639524,20.302613480055022,79.69738651994498
2020-01-01,Pharmacy,All,Madhya Pradesh,139.0,7.5,0.0,11210.0,1788.0,6916.0,2955.0,2299.0,1791.0,8704.0,20.576746323529413,26.413143382352942,2.945516074450085,20.542279411764707,79.45772058823529
2021-01-01,Pharmacy,All,Madhya Pradesh,115.0,2.0,0.0,9965.0,1267.0,4300.0,3265.0,2632.0,1085.0,5567.0,19.48985090713131,47.278606071492725,1.7050535987748852,22.759116220585593,77.2408837794144
2013-01-01,Pharmacy,Government,Maharashtra,11.0,0.0,0.0,640.0,263.0,296.0,119.0,509.0,121.0,559.0,21.645796064400717,91.05545617173524,4.697478991596639,47.04830053667263,52.95169946332737
2014-01-01,Pharmacy,Government,Maharashtra,11.0,0.0,0.0,640.0,310.0,205.0,140.0,487.0,133.0,515.0,25.8252427184466,94.5631067961165,3.6785714285714284,60.19417475728155,39.80582524271845
2015-01-01,Pharmacy,Government,Maharashtra,11.0,0.0,0.0,640.0,332.0,213.0,141.0,547.0,145.0,545.0,26.605504587155966,100.36697247706421,3.8652482269503547,60.91743119266055,39.08256880733945
2016-01-01,Pharmacy,Government,Maharashtra,12.0,0.0,0.0,670.0,334.0,285.0,134.0,617.0,167.0,619.0,26.978998384491113,99.67689822294022,4.619402985074627,53.95799676898223,46.04200323101777
2017-01-01,Pharmacy,Government,Maharashtra,12.0,0.0,0.0,710.0,287.0,217.0,124.0,570.0,168.0,504.0,33.33333333333333,113.09523809523809,4.064516129032258,56.94444444444444,43.05555555555556
2018-01-01,Pharmacy,Government,Maharashtra,12.0,0.0,0.0,710.0,362.0,256.0,156.0,638.0,112.0,618.0,18.12297734627832,103.23624595469256,3.9615384615384617,58.57605177993528,41.42394822006473
2019-01-01,Pharmacy,Government,Maharashtra,12.0,0.0,0.0,690.0,308.0,298.0,164.0,660.0,117.0,606.0,19.306930693069308,108.91089108910892,3.6951219512195124,50.82508250825083,49.17491749174918
2020-01-01,Pharmacy,Government,Maharashtra,12.0,0.0,0.0,632.0,308.0,298.0,164.0,551.0,127.0,606.0,20.957095709570957,90.92409240924091,3.6951219512195124,50.82508250825083,49.17491749174918
2021-01-01,Pharmacy,Government,Maharashtra,12.0,0.0,0.0,710.0,390.0,299.0,243.0,631.0,70.0,689.0,10.159651669085632,91.58200290275762,2.8353909465020575,56.60377358490566,43.39622641509434
2013-01-01,Pharmacy,Private,Maharashtra,140.0,5.0,0.0,9670.0,4119.0,4147.0,1678.0,5849.0,2099.0,8266.0,25.393176869102348,70.75973868860392,4.926102502979738,49.83063150254053,50.16936849745947
2014-01-01,Pharmacy,Private,Maharashtra,143.0,2.0,0.0,10015.0,4075.0,3774.0,2202.0,5933.0,2184.0,7849.0,27.825200662504777,75.58924703783921,3.5644868301544053,51.91744171232004,48.08255828767996
2015-01-01,Pharmacy,Private,Maharashtra,147.0,3.0,1.0,10615.0,4566.0,4666.0,2593.0,6555.0,2439.0,9232.0,26.41897746967071,71.00303292894282,3.5603548013883533,49.45840554592721,50.54159445407279
2016-01-01,Pharmacy,Private,Maharashtra,150.0,4.0,0.0,10900.0,5018.0,5079.0,2609.0,6962.0,2384.0,10097.0,23.610973556501932,68.95117361592553,3.870065159064776,49.69793007824106,50.30206992175894
2017-01-01,Pharmacy,Private,Maharashtra,159.0,9.0,0.0,11390.0,5572.0,5202.0,2662.0,7596.0,2685.0,10774.0,24.921106367180247,70.50306292927418,4.047332832456799,51.71709671431224,48.282903285687766
2018-01-01,Pharmacy,Private,Maharashtra,179.0,12.5,0.0,13500.0,6568.0,6042.0,2974.0,8474.0,3056.0,12610.0,24.23473433782712,67.20063441712927,4.240080699394754,52.08564631245044,47.914353687549564
2019-01-01,Pharmacy,Private,Maharashtra,221.0,12.5,0.0,17090.0,7859.0,8306.0,3562.0,7627.0,3724.0,16165.0,23.037426538818433,47.18218373028147,4.538180797304885,48.61738323538509,51.38261676461491
2020-01-01,Pharmacy,Private,Maharashtra,288.0,12.5,0.0,22633.0,7920.0,8033.0,5979.0,5912.0,3165.0,15953.0,19.839528615307465,37.058860402432146,2.668171935106205,49.645834639252804,50.354165360747196
2021-01-01,Pharmacy,Private,Maharashtra,178.0,1.0,0.0,14508.0,5350.0,4920.0,5086.0,6865.0,2028.0,10270.0,19.746835443037973,66.84518013631939,2.0192685804168304,52.093476144109054,47.906523855890946
2013-01-01,Engineering,Government,Maharashtra,14.0,0.0,0.0,5669.0,2005.0,3522.0,1010.0,5990.0,2944.0,5527.0,53.265786140763524,108.3770580785236,5.472277227722772,36.27646100958929,63.72353899041071
2014-01-01,Engineering,Government,Maharashtra,15.0,0.0,0.0,5849.0,1723.0,3753.0,1198.0,6216.0,2913.0,5476.0,53.19576333089847,113.51351351351352,4.570951585976628,31.464572680788898,68.53542731921111
2015-01-01,Engineering,Government,Maharashtra,15.0,0.0,0.0,5849.0,1716.0,3779.0,1419.0,6251.0,3143.0,5495.0,57.19745222929936,113.75796178343948,3.872445384073291,31.228389444949954,68.77161055505005
2016-01-01,Engineering,Government,Maharashtra,23.0,2.0,0.0,6955.0,1944.0,4429.0,1216.0,7235.0,3326.0,6373.0,52.18892201474973,113.52581201945708,5.240953947368421,30.50368743135101,69.49631256864899
2017-01-01,Engineering,Government,Maharashtra,25.0,2.0,0.0,7315.0,2161.0,4749.0,1241.0,6836.0,3313.0,6910.0,47.94500723589002,98.92908827785818,5.56809024979855,31.273516642547033,68.72648335745298
2018-01-01,Engineering,Government,Maharashtra,24.0,0.0,0.0,7315.0,2221.0,4980.0,1501.0,7170.0,2890.0,7201.0,40.13331481738647,99.56950423552284,4.7974683544303796,30.842938480766563,69.15706151923344
2019-01-01,Engineering,Government,Maharashtra,26.0,1.0,0.0,7865.0,2153.0,5224.0,1513.0,6975.0,3129.0,7377.0,42.415616104107364,94.55063033753558,4.875743555849306,29.18530567981564,70.81469432018436
2020-01-01,Engineering,Government,Maharashtra,27.0,1.0,0.0,8093.0,2115.0,5121.0,3246.0,7015.0,2868.0,7236.0,39.63515754560531,96.94582642343836,2.229205175600739,29.228855721393032,70.77114427860697
2021-01-01,Engineering,Government,Maharashtra,26.0,0.0,0.0,8026.0,2179.0,4805.0,3688.0,7214.0,2561.0,6984.0,36.669530355097365,103.29324169530356,1.8937093275488068,31.199885452462773,68.80011454753723
2013-01-01,Engineering,Private,Maharashtra,355.0,12.5,1.0,146806.5,34244.0,56201.5,14793.5,67555.5,22835.0,94684.5,24.11693571809536,71.34800310504887,6.400412343258863,36.1664263950277,59.35660007709815
2014-01-01,Engineering,Private,Maharashtra,358.0,5.0,0.0,146806.5,29496.0,56201.5,14793.5,67555.5,26470.0,94684.5,27.956001246244107,71.34800310504887,6.400412343258863,31.151878079305483,59.35660007709815
2015-01-01,Engineering,Private,Maharashtra,365.0,7.0,0.0,146806.5,24924.0,56201.5,14793.5,67555.5,30992.0,92011.0,33.682929214985165,73.42111269304758,6.21969108054213,27.08806555737901,61.08128375955049
2016-01-01,Engineering,Private,Maharashtra,354.0,2.0,1.0,146806.5,23224.0,56201.5,14793.5,67555.5,33851.0,88884.0,38.084469645830524,76.00411772647495,6.008314462432825,26.128437064038522,63.230165159083754
2017-01-01,Engineering,Private,Maharashtra,349.0,0.0,5.0,146806.5,22789.0,56201.5,14793.5,67555.5,36102.0,81882.0,44.09027625119074,82.50348061845094,5.53499847906175,27.83151364158179,68.63718521775237
2018-01-01,Engineering,Private,Maharashtra,350.0,4.0,4.0,143876.0,23896.0,56201.5,14793.5,67555.5,37111.0,84114.0,44.11988491808736,80.31421642057208,5.68587555345253,28.40906388948332,66.81586893977222
2019-01-01,Engineering,Private,Maharashtra,337.0,5.0,2.0,136196.0,22115.0,56201.5,14793.5,67555.5,43972.0,78498.0,56.016713801625514,86.06015439883818,5.306249366275729,28.172692297892937,71.59609162016866
2020-01-01,Engineering,Private,Maharashtra,334.0,3.0,2.0,127219.0,19814.0,48128.0,14793.5,67555.5,43020.0,67942.0,63.318713019928765,99.43113243648995,4.592692736674891,29.163109711224276,70.83689028877572
2021-01-01,Engineering,Private,Maharashtra,328.0,1.0,4.0,126780.0,20649.0,51830.0,14793.5,67555.5,40209.0,72479.0,55.476758785303325,93.20699788904372,4.899381485111705,28.489631479463018,71.51036852053699
2013-01-01,Management,Private,Maharashtra,453.0,12.0,2.0,63936.0,14935.0,24924.0,4896.0,30472.0,17317.0,39859.0,43.44564590180386,76.449484432625,8.141135620915033,37.46958027045334,62.53041972954665
2014-01-01,Management,Private,Maharashtra,439.0,2.0,3.0,61632.0,11684.0,22421.0,6589.0,30204.0,18840.0,34105.0,55.24116698431315,88.56179445829058,5.176050994081044,34.25890631872159,65.7410936812784
2015-01-01,Management,Private,Maharashtra,420.0,6.0,5.0,59539.0,11734.0,22328.0,7426.0,28011.0,17542.0,34062.0,51.50020550760378,82.23533556455874,4.586856988957716,34.44894603957489,65.55105396042511
2016-01-01,Management,Private,Maharashtra,392.0,1.0,5.0,54770.0,13317.0,23108.0,6555.0,26607.0,16669.0,36425.0,45.762525737817434,73.04598490048045,5.556826849733028,36.56005490734386,63.439945092656146
2017-01-01,Management,Private,Maharashtra,372.0,4.0,5.0,50591.0,13161.0,21211.0,6134.0,26940.0,18180.0,34372.0,52.89188874665426,78.37774933085069,5.603521356374307,38.28988711742116,61.71011288257884
2018-01-01,Management,Private,Maharashtra,363.0,5.0,5.0,49321.0,15551.0,23537.0,5930.0,27828.0,17653.0,39088.0,45.16219811706918,71.19320507572657,6.591568296795953,39.784588620548504,60.21541137945149
2019-01-01,Management,Private,Maharashtra,355.0,7.0,1.0,50452.0,16418.0,23884.0,5410.0,30582.0,20266.0,40302.0,50.28534564041487,75.8820902188477,7.4495378927911275,40.737432385489555,59.262567614510445
2020-01-01,Management,Private,Maharashtra,351.0,4.0,1.0,50386.0,17321.0,23869.0,5462.0,26481.0,21760.0,41190.0,52.82835639718378,64.28987618353969,7.541193701940681,42.051468803107554,57.948531196892446
2021-01-01,Management,Private,Maharashtra,376.0,5.0,1.0,53771.0,15305.0,22611.0,5561.0,28183.0,17598.0,37916.0,46.41312374723072,74.33009811161514,6.818198165797519,40.365544888701336,59.63445511129866
2013-01-01,Management,Government,Maharashtra,6.0,0.0,0.0,480.0,137.0,186.0,47.0,339.0,115.0,323.0,35.60371517027864,104.95356037151701,6.872340425531915,42.414860681114554,57.585139318885446
2014-01-01,Management,Government,Maharashtra,6.0,0.0,0.0,600.0,79.0,255.0,58.0,312.0,116.0,334.0,34.73053892215569,93.41317365269461,5.758620689655173,23.652694610778443,76.34730538922156
2015-01-01,Management,Government,Maharashtra,6.0,0.0,0.0,608.0,101.0,272.0,75.0,306.0,110.0,373.0,29.49061662198391,82.03753351206434,4.973333333333334,27.07774798927614,72.92225201072387
2016-01-01,Management,Government,Maharashtra,15.0,1.0,0.0,1241.0,290.0,347.0,86.0,642.0,310.0,637.0,48.665620094191524,100.78492935635792,7.406976744186046,45.52590266875981,54.47409733124019
2017-01-01,Management,Government,Maharashtra,16.0,0.0,0.0,1527.0,346.0,679.0,96.0,1010.0,546.0,1025.0,53.268292682926834,98.53658536585365,10.677083333333334,33.75609756097561,66.2439024390244
2018-01-01,Management,Government,Maharashtra,16.0,0.0,0.0,1557.0,406.0,767.0,104.0,981.0,861.0,1173.0,73.40153452685422,83.63171355498721,11.278846153846153,34.612105711849956,65.38789428815004
2019-01-01,Management,Government,Maharashtra,15.0,0.0,0.0,1241.0,388.0,547.0,75.0,777.0,526.0,935.0,56.25668449197862,83.10160427807487,12.466666666666667,41.49732620320856,58.50267379679145
2020-01-01,Management,Government,Maharashtra,16.0,0.0,0.0,1741.0,451.0,876.0,115.0,495.0,775.0,1327.0,58.402411454408444,37.30218538055765,11.539130434782608,33.98643556895252,66.01356443104748
2021-01-01,Management,Government,Maharashtra,19.0,0.0,0.0,1980.0,463.0,925.0,139.0,988.0,651.0,1388.0,46.90201729106629,71.18155619596543,9.985611510791367,33.35734870317003,66.64265129682997
2013-01-01,Engineering,All,Maharashtra,369.0,12.5,1.0,146806.5,36249.0,56201.5,14793.5,67555.5,25779.0,94684.5,27.226209147220505,71.34800310504887,6.400412343258863,38.28398523517576,59.35660007709815
2014-01-01,Engineering,All,Maharashtra,373.0,5.0,0.0,146806.5,31219.0,56201.5,14793.5,67555.5,29383.0,94684.5,31.03253436412507,71.34800310504887,6.400412343258863,32.97160570103871,59.35660007709815
2015-01-01,Engineering,All,Maharashtra,380.0,7.0,0.0,146806.5,26640.0,56201.5,14793.5,67555.5,34135.0,94684.5,36.05130723613685,71.34800310504887,6.400412343258863,28.135544888550925,59.35660007709815
2016-01-01,Engineering,All,Maharashtra,377.0,4.0,1.0,146806.5,25168.0,56201.5,14793.5,67555.5,37177.0,94684.5,39.26408229435652,71.34800310504887,6.400412343258863,26.580908173988348,59.35660007709815
2017-01-01,Engineering,All,Maharashtra,374.0,2.0,5.0,146806.5,24950.0,56201.5,14793.5,67555.5,39415.0,88792.0,44.390260383818365,76.08286782593026,6.002095514922094,28.099378322371383,63.29567979097216
2018-01-01,Engineering,All,Maharashtra,374.0,4.0,4.0,146806.5,26117.0,56201.5,14793.5,67555.5,40001.0,91315.0,43.805508404971796,73.98072605815035,6.1726433906783384,28.600996550402453,61.54684334446695
2019-01-01,Engineering,All,Maharashtra,363.0,6.0,2.0,144061.0,24268.0,56201.5,14793.5,67555.5,47101.0,85875.0,54.84832605531296,78.66724890829694,5.804914320478589,28.259679767103346,65.4457059679767
2020-01-01,Engineering,All,Maharashtra,361.0,4.0,2.0,135312.0,21929.0,53249.0,14793.5,67555.5,45888.0,75178.0,61.03913378914044,89.86073053286866,5.0818264778449995,29.169437867461223,70.83056213253877
2021-01-01,Engineering,All,Maharashtra,354.0,1.0,4.0,134806.0,22828.0,56201.5,14793.5,67555.5,42770.0,79463.0,53.823792205177256,85.01503844556586,5.371480717882854,28.72783559644111,70.72662748700654
2013-01-01,Management,All,Maharashtra,459.0,12.0,2.0,64416.0,15072.0,25110.0,4943.0,30811.0,17432.0,40182.0,43.38260912846548,76.67861231397143,8.129071414120979,37.50933253695685,62.49066746304316
2014-01-01,Management,All,Maharashtra,445.0,2.0,3.0,62232.0,11763.0,22676.0,6647.0,30516.0,18956.0,34439.0,55.04224861349052,88.60884462382764,5.181134346321649,34.156044019861206,65.84395598013879
2015-01-01,Management,All,Maharashtra,426.0,6.0,5.0,60147.0,11835.0,22600.0,7501.0,28317.0,17652.0,34435.0,51.26179758966168,82.2331929722666,4.590721237168378,34.36910120516916,65.63089879483084
2016-01-01,Management,All,Maharashtra,407.0,2.0,5.0,56011.0,13607.0,23455.0,6641.0,27249.0,16979.0,37062.0,45.81242242728401,73.52274566941881,5.580786026200873,36.71415465975932,63.28584534024068
2017-01-01,Management,All,Maharashtra,388.0,4.0,5.0,52118.0,13507.0,21890.0,6230.0,27950.0,18726.0,35397.0,52.90278837189592,78.96149391191344,5.681701444622793,38.158601011385144,61.84139898861486
2018-01-01,Management,All,Maharashtra,379.0,5.0,5.0,50878.0,15957.0,24304.0,6034.0,28809.0,18514.0,40261.0,45.98494821291076,71.55559971187998,6.672356645674511,39.63388887509004,60.36611112490996
2019-01-01,Management,All,Maharashtra,370.0,7.0,1.0,51693.0,16806.0,24431.0,5485.0,31359.0,20792.0,41237.0,50.42073865703131,76.04578412590635,7.518140382862352,40.75466207532071,59.2453379246793
2020-01-01,Management,All,Maharashtra,367.0,4.0,1.0,52127.0,17772.0,24745.0,5577.0,26976.0,22535.0,42517.0,53.002328480372555,63.44756215160995,7.623632777478932,41.799750687960106,58.20024931203989
2021-01-01,Management,All,Maharashtra,395.0,5.0,1.0,55751.0,15768.0,23536.0,5700.0,28943.0,18249.0,39304.0,46.43038876450234,73.63881538774679,6.895438596491228,40.118054142072054,59.881945857927946
2013-01-01,Pharmacy,All,Maharashtra,151.0,5.0,0.0,10310.0,4382.0,4443.0,1797.0,6358.0,2220.0,8825.0,25.15580736543909,72.04532577903683,4.910962715637173,49.654390934844194,50.345609065155806
2014-01-01,Pharmacy,All,Maharashtra,154.0,2.0,0.0,10655.0,4385.0,3979.0,2342.0,6420.0,2317.0,8364.0,27.70205643232903,76.75753228120516,3.5713065755764304,52.427068388330945,47.572931611669055
2015-01-01,Pharmacy,All,Maharashtra,158.0,3.0,1.0,11255.0,4898.0,4879.0,2734.0,7102.0,2584.0,9777.0,26.42937506392554,72.63986908049503,3.576079005120702,50.097166820087956,49.90283317991204
2016-01-01,Pharmacy,All,Maharashtra,162.0,4.0,0.0,11570.0,5352.0,5364.0,2743.0,7579.0,2551.0,10716.0,23.805524449421426,70.72601717058605,3.9066715275246082,49.94400895856663,50.055991041433366
2017-01-01,Pharmacy,All,Maharashtra,171.0,9.0,0.0,12100.0,5859.0,5419.0,2786.0,8166.0,2853.0,11278.0,25.297038482000357,72.40645504522078,4.048097631012204,51.9507004788083,48.0492995211917
2018-01-01,Pharmacy,All,Maharashtra,191.0,12.5,0.0,14210.0,6930.0,6298.0,3130.0,9112.0,3168.0,13228.0,23.949198669488965,68.88418506198973,4.226198083067093,52.38887208950711,47.6111279104929
2019-01-01,Pharmacy,All,Maharashtra,233.0,12.5,0.0,17780.0,8167.0,8604.0,3726.0,8287.0,3841.0,16771.0,22.902629539085325,49.41267664420727,4.501073537305421,48.69715580466281,51.302844195337194
2020-01-01,Pharmacy,All,Maharashtra,300.0,12.5,0.0,23265.0,8315.0,8347.0,6209.0,6463.0,3292.0,16662.0,19.757532108990517,38.788860881046695,2.68352391689483,49.9039731124715,50.09602688752851
2021-01-01,Pharmacy,All,Maharashtra,190.0,1.0,0.0,15218.0,5740.0,5219.0,5329.0,7442.0,2098.0,10959.0,19.14408248927822,67.90765580801168,2.056483392756615,52.377041700885115,47.622958299114885
2013-01-01,Pharmacy,Government,Puducherry,1.0,0.0,0.0,60.0,14.0,42.0,14.0,41.0,12.0,56.0,21.428571428571427,73.21428571428571,4.0,25.0,75.0
2014-01-01,Pharmacy,Government,Puducherry,1.0,0.0,0.0,60.0,44.0,16.0,14.0,51.0,16.0,60.0,26.666666666666668,85.0,4.285714285714286,73.33333333333333,26.666666666666668
2015-01-01,Pharmacy,Government,Puducherry,1.0,0.0,0.0,60.0,45.0,14.0,14.0,52.0,20.0,59.0,33.89830508474576,88.13559322033898,4.214285714285714,76.27118644067797,23.728813559322035
2016-01-01,Pharmacy,Government,Puducherry,1.0,0.0,0.0,60.0,34.0,24.0,14.0,55.0,22.0,58.0,37.93103448275862,94.82758620689656,4.142857142857143,58.620689655172406,41.37931034482759
2017-01-01,Pharmacy,Government,Puducherry,1.0,0.0,0.0,60.0,31.0,29.0,12.0,55.0,10.0,60.0,16.666666666666664,91.66666666666666,5.0,51.66666666666667,48.333333333333336
2018-01-01,Pharmacy,Government,Puducherry,1.0,0.0,0.0,60.0,35.0,20.0,14.0,57.0,46.0,55.0,83.63636363636363,103.63636363636364,3.9285714285714284,63.63636363636363,36.36363636363637
2019-01-01,Pharmacy,Government,Puducherry,1.0,0.0,0.0,60.0,39.0,20.0,14.0,57.0,44.0,59.0,74.57627118644068,96.61016949152543,4.214285714285714,66.10169491525424,33.89830508474576
2020-01-01,Pharmacy,Government,Puducherry,1.0,0.0,0.0,60.0,40.0,19.0,14.0,54.0,40.0,59.0,67.79661016949152,91.52542372881356,4.214285714285714,67.79661016949152,32.20338983050847
2021-01-01,Pharmacy,Government,Puducherry,1.0,0.0,0.0,60.0,0.0,0.0,14.0,56.0,40.0,0.0,inf,inf,0.0,,
2013-01-01,Pharmacy,Private,Puducherry,1.0,0.0,0.0,240.0,80.0,171.0,23.0,75.0,18.0,251.0,7.171314741035857,29.880478087649404,10.91304347826087,31.872509960159363,68.12749003984064
2014-01-01,Pharmacy,Private,Puducherry,2.0,0.0,0.0,540.0,78.0,266.0,53.0,247.0,35.0,344.0,10.174418604651162,71.80232558139535,6.490566037735849,22.674418604651162,77.32558139534885
2015-01-01,Pharmacy,Private,Puducherry,1.0,0.0,0.0,240.0,45.0,189.0,88.0,190.0,56.0,234.0,23.931623931623932,81.19658119658119,2.659090909090909,19.230769230769234,80.76923076923077
2016-01-01,Pharmacy,Private,Puducherry,3.0,0.0,0.0,600.0,80.0,317.0,67.0,341.0,187.0,397.0,47.103274559193956,85.8942065491184,5.925373134328358,20.151133501259448,79.84886649874056
2017-01-01,Pharmacy,Private,Puducherry,4.0,0.0,0.0,900.0,142.0,564.0,74.0,445.0,154.0,706.0,21.813031161473088,63.03116147308781,9.54054054054054,20.113314447592067,79.88668555240793
2018-01-01,Pharmacy,Private,Puducherry,4.0,0.0,0.0,900.0,135.0,533.0,127.0,471.0,160.0,668.0,23.952095808383234,70.50898203592814,5.25984251968504,20.209580838323355,79.79041916167665
2019-01-01,Pharmacy,Private,Puducherry,4.0,0.0,0.0,900.0,134.0,542.0,137.0,708.0,160.0,676.0,23.668639053254438,104.73372781065089,4.934306569343065,19.82248520710059,80.1775147928994
2020-01-01,Pharmacy,Private,Puducherry,5.0,0.0,0.0,1080.0,177.0,721.0,339.0,353.0,179.0,898.0,19.933184855233854,39.30957683741648,2.6489675516224187,19.71046770601336,80.28953229398664
2021-01-01,Pharmacy,Private,Puducherry,5.0,0.0,0.0,1080.0,160.0,649.0,409.0,542.0,96.0,809.0,11.866501854140916,66.99629171817058,1.97799511002445,19.77750309023486,80.22249690976514
2013-01-01,Engineering,Government,Puducherry,2.0,0.0,0.0,690.0,272.0,346.0,146.0,570.0,390.0,618.0,63.10679611650486,92.23300970873787,4.232876712328767,44.01294498381877,55.98705501618123
2014-01-01,Engineering,Government,Puducherry,2.0,0.0,0.0,690.0,280.0,330.0,151.0,510.0,354.0,610.0,58.032786885245905,83.60655737704919,4.039735099337748,45.90163934426229,54.09836065573771
2015-01-01,Engineering,Government,Puducherry,2.0,0.0,0.0,690.0,273.0,350.0,157.0,515.0,384.0,623.0,61.63723916532905,82.6645264847512,3.968152866242038,43.82022471910113,56.17977528089888
2016-01-01,Engineering,Government,Puducherry,2.0,0.0,0.0,690.0,254.0,302.0,155.0,531.0,261.0,556.0,46.94244604316547,95.50359712230215,3.587096774193548,45.68345323741007,54.31654676258992
2017-01-01,Engineering,Government,Puducherry,2.0,0.0,0.0,720.0,263.0,339.0,147.0,500.0,403.0,602.0,66.94352159468438,83.05647840531562,4.095238095238095,43.68770764119601,56.31229235880399
2018-01-01,Engineering,Government,Puducherry,2.0,0.0,0.0,720.0,227.0,334.0,149.0,560.0,157.0,561.0,27.98573975044563,99.8217468805704,3.7651006711409396,40.46345811051694,59.53654188948306
2019-01-01,Engineering,Government,Puducherry,2.0,0.0,0.0,960.0,224.0,435.0,138.0,534.0,276.0,659.0,41.88163884673748,81.03186646433991,4.77536231884058,33.99089529590288,66.00910470409713
2020-01-01,Engineering,Government,Puducherry,2.0,0.0,0.0,960.0,179.0,543.0,283.0,541.0,317.0,722.0,43.905817174515235,74.93074792243767,2.5512367491166077,24.792243767313018,75.20775623268699
2021-01-01,Engineering,Government,Puducherry,2.0,0.0,0.0,1170.0,211.0,573.0,345.0,549.0,164.0,784.0,20.918367346938776,70.02551020408163,2.272463768115942,26.913265306122447,73.08673469387756
2013-01-01,Engineering,Private,Puducherry,12.0,0.0,0.0,2610.0,621.5,1389.0,727.0,1317.5,927.0,1871.5,49.53246059310714,70.39807640929735,2.5742778541953233,33.2086561581619,74.21854127705049
2014-01-01,Engineering,Private,Puducherry,13.0,0.0,0.0,2610.0,621.5,1389.0,826.5,1317.5,927.0,1871.5,49.53246059310714,70.39807640929735,2.264367816091954,33.2086561581619,74.21854127705049
2015-01-01,Engineering,Private,Puducherry,16.0,0.0,0.0,2610.0,621.5,1389.0,826.5,1317.5,927.0,1871.5,49.53246059310714,70.39807640929735,2.264367816091954,33.2086561581619,74.21854127705049
2016-01-01,Engineering,Private,Puducherry,16.0,0.0,0.0,2610.0,621.5,1389.0,826.5,1317.5,927.0,1871.5,49.53246059310714,70.39807640929735,2.264367816091954,33.2086561581619,74.21854127705049
2017-01-01,Engineering,Private,Puducherry,16.0,0.0,0.0,2610.0,621.5,1389.0,826.5,1317.5,927.0,1871.5,49.53246059310714,70.39807640929735,2.264367816091954,33.2086561581619,74.21854127705049
2018-01-01,Engineering,Private,Puducherry,15.0,0.0,0.0,2610.0,621.5,1389.0,826.5,1317.5,927.0,1871.5,49.53246059310714,70.39807640929735,2.264367816091954,33.2086561581619,74.21854127705049
2019-01-01,Engineering,Private,Puducherry,15.0,0.0,0.0,2610.0,621.5,1389.0,826.5,1317.5,927.0,1871.5,49.53246059310714,70.39807640929735,2.264367816091954,33.2086561581619,74.21854127705049
2020-01-01,Engineering,Private,Puducherry,13.0,0.0,0.0,2610.0,621.5,1389.0,826.5,1317.5,927.0,1871.5,49.53246059310714,70.39807640929735,2.264367816091954,33.2086561581619,74.21854127705049
2021-01-01,Engineering,Private,Puducherry,13.0,0.0,0.0,2610.0,621.5,1389.0,826.5,1317.5,927.0,1871.5,49.53246059310714,70.39807640929735,2.264367816091954,33.2086561581619,74.21854127705049
2013-01-01,Management,Private,Puducherry,6.0,0.0,0.0,420.0,123.0,178.0,43.0,321.0,120.0,301.0,39.8671096345515,106.64451827242524,7.0,40.863787375415285,59.136212624584715
2014-01-01,Management,Private,Puducherry,6.0,0.0,0.0,600.0,128.0,180.0,53.0,332.0,122.0,308.0,39.61038961038961,107.79220779220779,5.811320754716981,41.55844155844156,58.44155844155844
2015-01-01,Management,Private,Puducherry,6.0,0.0,0.0,600.0,124.0,175.0,74.0,289.0,130.0,299.0,43.47826086956522,96.65551839464884,4.04054054054054,41.47157190635451,58.52842809364549
2016-01-01,Management,Private,Puducherry,6.0,0.0,0.0,600.0,134.0,149.0,74.0,260.0,161.0,283.0,56.8904593639576,91.87279151943463,3.824324324324324,47.349823321554766,52.65017667844523
2017-01-01,Management,Private,Puducherry,6.0,0.0,0.0,600.0,122.0,161.0,71.0,286.0,147.0,283.0,51.9434628975265,101.0600706713781,3.9859154929577465,43.109540636042404,56.8904593639576
2018-01-01,Management,Private,Puducherry,5.0,0.0,0.0,510.0,164.0,177.0,63.0,268.0,152.0,341.0,44.57478005865102,78.59237536656892,5.412698412698413,48.09384164222874,51.90615835777126
2019-01-01,Management,Private,Puducherry,5.0,0.0,0.0,510.0,170.0,153.0,52.0,253.0,224.0,323.0,69.3498452012384,78.328173374613,6.211538461538462,52.63157894736842,47.368421052631575
2020-01-01,Management,Private,Puducherry,4.0,0.0,0.0,420.0,173.0,170.0,47.0,233.0,204.0,343.0,59.475218658892125,67.93002915451895,7.297872340425532,50.437317784256564,49.56268221574344
2021-01-01,Management,Private,Puducherry,4.0,0.0,0.0,540.0,180.0,242.0,53.0,281.0,115.0,422.0,27.251184834123222,66.58767772511848,7.962264150943396,42.65402843601896,57.345971563981045
2013-01-01,Management,Government,Puducherry,2.0,0.0,0.0,60.0,7.0,52.0,59.0,18.0,7.0,59.0,11.864406779661017,30.508474576271187,1.0,11.864406779661017,88.13559322033898
2014-01-01,Management,Government,Puducherry,2.0,0.0,0.0,60.0,28.0,30.0,59.0,17.0,8.0,58.0,13.793103448275861,29.310344827586203,0.9830508474576272,48.275862068965516,51.724137931034484
2015-01-01,Management,Government,Puducherry,2.0,0.0,0.0,60.0,26.0,30.0,59.0,6.0,3.0,56.0,5.357142857142857,10.714285714285714,0.9491525423728814,46.42857142857143,53.57142857142857
2016-01-01,Management,Government,Puducherry,2.0,0.0,0.0,60.0,28.0,26.0,59.0,9.0,0.0,54.0,0.0,16.666666666666664,0.9152542372881356,51.85185185185185,48.148148148148145
2017-01-01,Management,Government,Puducherry,2.0,0.0,0.0,60.0,29.0,28.0,1.0,17.0,1.0,57.0,1.7543859649122806,29.82456140350877,57.0,50.877192982456144,49.122807017543856
2018-01-01,Management,Government,Puducherry,2.0,0.0,0.0,60.0,27.0,21.0,1.0,25.0,8.0,48.0,16.666666666666664,52.083333333333336,48.0,56.25,43.75
2019-01-01,Management,Government,Puducherry,2.0,0.0,0.0,60.0,20.0,18.0,1.0,22.0,18.0,38.0,47.368421052631575,57.89473684210527,38.0,52.63157894736842,47.368421052631575
2020-01-01,Management,Government,Puducherry,2.0,0.0,0.0,60.0,31.0,29.0,3.0,20.0,3.0,60.0,5.0,33.33333333333333,20.0,51.66666666666667,48.333333333333336
2021-01-01,Management,Government,Puducherry,1.0,0.0,0.0,90.0,15.0,15.0,3.0,38.0,0.0,30.0,0.0,126.66666666666666,10.0,50.0,50.0
2013-01-01,Engineering,All,Puducherry,14.0,0.0,0.0,2610.0,621.5,1389.0,826.5,1317.5,927.0,1871.5,49.53246059310714,70.39807640929735,2.264367816091954,33.2086561581619,74.21854127705049
2014-01-01,Engineering,All,Puducherry,15.0,0.0,0.0,2610.0,621.5,1389.0,826.5,1317.5,927.0,1871.5,49.53246059310714,70.39807640929735,2.264367816091954,33.2086561581619,74.21854127705049
2015-01-01,Engineering,All,Puducherry,17.0,0.0,0.0,2610.0,621.5,1389.0,826.5,1317.5,927.0,1871.5,49.53246059310714,70.39807640929735,2.264367816091954,33.2086561581619,74.21854127705049
2016-01-01,Engineering,All,Puducherry,17.0,0.0,0.0,2610.0,621.5,1389.0,826.5,1317.5,927.0,1871.5,49.53246059310714,70.39807640929735,2.264367816091954,33.2086561581619,74.21854127705049
2017-01-01,Engineering,All,Puducherry,17.0,0.0,0.0,2610.0,621.5,1389.0,826.5,1317.5,927.0,1871.5,49.53246059310714,70.39807640929735,2.264367816091954,33.2086561581619,74.21854127705049
2018-01-01,Engineering,All,Puducherry,17.0,0.0,0.0,2610.0,621.5,1389.0,826.5,1317.5,927.0,1871.5,49.53246059310714,70.39807640929735,2.264367816091954,33.2086561581619,74.21854127705049
2019-01-01,Engineering,All,Puducherry,17.0,0.0,0.0,2610.0,621.5,1389.0,826.5,1317.5,927.0,1871.5,49.53246059310714,70.39807640929735,2.264367816091954,33.2086561581619,74.21854127705049
2020-01-01,Engineering,All,Puducherry,15.0,0.0,0.0,2610.0,621.5,1389.0,826.5,1317.5,927.0,1871.5,49.53246059310714,70.39807640929735,2.264367816091954,33.2086561581619,74.21854127705049
2021-01-01,Engineering,All,Puducherry,16.0,0.0,0.0,2610.0,621.5,1389.0,826.5,1317.5,927.0,1871.5,49.53246059310714,70.39807640929735,2.264367816091954,33.2086561581619,74.21854127705049
2013-01-01,Management,All,Puducherry,8.0,0.0,0.0,480.0,130.0,230.0,43.0,339.0,127.0,360.0,35.27777777777778,94.16666666666667,8.372093023255815,36.11111111111111,63.888888888888886
2014-01-01,Management,All,Puducherry,8.0,0.0,0.0,660.0,156.0,210.0,53.0,349.0,130.0,366.0,35.51912568306011,95.3551912568306,6.90566037735849,42.62295081967213,57.377049180327866
2015-01-01,Management,All,Puducherry,8.0,0.0,0.0,660.0,150.0,205.0,74.0,295.0,133.0,355.0,37.46478873239437,83.09859154929578,4.797297297297297,42.25352112676056,57.74647887323944
2016-01-01,Management,All,Puducherry,8.0,0.0,0.0,660.0,162.0,175.0,74.0,269.0,161.0,337.0,47.774480712166174,79.82195845697329,4.554054054054054,48.07121661721068,51.92878338278932
2017-01-01,Management,All,Puducherry,8.0,0.0,0.0,660.0,151.0,189.0,72.0,303.0,148.0,340.0,43.529411764705884,89.11764705882354,4.722222222222222,44.41176470588235,55.58823529411765
2018-01-01,Management,All,Puducherry,7.0,0.0,0.0,570.0,191.0,198.0,63.0,293.0,160.0,389.0,41.131105398457585,75.32133676092545,6.174603174603175,49.10025706940874,50.899742930591266
2019-01-01,Management,All,Puducherry,7.0,0.0,0.0,570.0,190.0,171.0,52.0,275.0,242.0,361.0,67.03601108033241,76.17728531855957,6.9423076923076925,52.63157894736842,47.368421052631575
2020-01-01,Management,All,Puducherry,6.0,0.0,0.0,480.0,204.0,199.0,50.0,253.0,207.0,403.0,51.36476426799007,62.779156327543426,8.06,50.62034739454094,49.37965260545906
2021-01-01,Management,All,Puducherry,5.0,0.0,0.0,630.0,195.0,257.0,56.0,299.0,115.0,452.0,25.442477876106196,66.1504424778761,8.071428571428571,43.141592920353986,56.85840707964602
2013-01-01,Pharmacy,All,Puducherry,1.0,0.0,0.0,60.0,14.0,42.0,14.0,41.0,12.0,56.0,21.428571428571427,73.21428571428571,4.0,25.0,75.0
2014-01-01,Pharmacy,All,Puducherry,1.0,0.0,0.0,60.0,44.0,16.0,14.0,51.0,16.0,60.0,26.666666666666668,85.0,4.285714285714286,73.33333333333333,26.666666666666668
2015-01-01,Pharmacy,All,Puducherry,1.0,0.0,0.0,60.0,45.0,14.0,14.0,52.0,20.0,59.0,33.89830508474576,88.13559322033898,4.214285714285714,76.27118644067797,23.728813559322035
2016-01-01,Pharmacy,All,Puducherry,1.0,0.0,0.0,60.0,34.0,24.0,14.0,55.0,22.0,58.0,37.93103448275862,94.82758620689656,4.142857142857143,58.620689655172406,41.37931034482759
2017-01-01,Pharmacy,All,Puducherry,1.0,0.0,0.0,60.0,31.0,29.0,33.0,55.0,10.0,60.0,16.666666666666664,91.66666666666666,1.8181818181818181,51.66666666666667,48.333333333333336
2018-01-01,Pharmacy,All,Puducherry,1.0,0.0,0.0,60.0,35.0,20.0,14.0,57.0,46.0,55.0,83.63636363636363,103.63636363636364,3.9285714285714284,63.63636363636363,36.36363636363637
2019-01-01,Pharmacy,All,Puducherry,1.0,0.0,0.0,60.0,39.0,20.0,14.0,57.0,44.0,59.0,74.57627118644068,96.61016949152543,4.214285714285714,66.10169491525424,33.89830508474576
2020-01-01,Pharmacy,All,Puducherry,2.0,0.0,0.0,160.0,40.0,19.0,19.0,75.0,40.0,59.0,67.79661016949152,127.11864406779661,3.1052631578947367,67.79661016949152,32.20338983050847
2021-01-01,Pharmacy,All,Puducherry,1.0,0.0,0.0,60.0,0.0,0.0,14.0,52.0,0.0,0.0,,inf,0.0,,
2013-01-01,Pharmacy,Government,Punjab,3.0,0.0,0.0,120.0,63.0,39.0,29.0,58.0,37.0,102.0,36.27450980392157,56.86274509803921,3.5172413793103448,61.76470588235294,38.23529411764706
2014-01-01,Pharmacy,Government,Punjab,3.0,0.0,0.0,120.0,45.0,40.0,29.0,75.0,45.0,85.0,52.94117647058824,88.23529411764706,2.9310344827586206,52.94117647058824,47.05882352941176
2015-01-01,Pharmacy,Government,Punjab,3.0,0.0,0.0,120.0,75.0,33.0,28.0,84.0,58.0,108.0,53.70370370370371,77.77777777777779,3.857142857142857,69.44444444444444,30.555555555555557
2016-01-01,Pharmacy,Government,Punjab,5.0,0.0,0.0,213.0,95.0,64.0,30.0,132.0,70.0,159.0,44.0251572327044,83.01886792452831,5.3,59.74842767295597,40.25157232704403
2017-01-01,Pharmacy,Government,Punjab,5.0,0.0,0.0,213.0,94.0,89.0,28.0,140.0,21.0,183.0,11.475409836065573,76.50273224043715,6.535714285714286,51.36612021857923,48.63387978142077
2018-01-01,Pharmacy,Government,Punjab,5.0,0.0,0.0,213.0,88.0,77.0,28.0,149.0,61.0,165.0,36.96969696969697,90.30303030303031,5.892857142857143,53.333333333333336,46.666666666666664
2019-01-01,Pharmacy,Government,Punjab,5.0,0.0,0.0,213.0,88.0,93.0,25.0,111.0,53.0,181.0,29.2817679558011,61.32596685082873,7.24,48.61878453038674,51.38121546961326
2020-01-01,Pharmacy,Government,Punjab,5.0,0.0,0.0,193.0,71.0,84.0,60.0,107.0,26.0,155.0,16.7741935483871,69.03225806451613,2.5833333333333335,45.806451612903224,54.19354838709678
2021-01-01,Pharmacy,Government,Punjab,5.0,0.0,0.0,193.0,83.0,73.0,63.0,118.0,34.0,156.0,21.794871794871796,75.64102564102564,2.4761904761904763,53.205128205128204,46.794871794871796
2013-01-01,Pharmacy,Private,Punjab,32.0,1.0,0.0,2135.0,492.0,675.0,309.0,953.0,391.0,1167.0,33.50471293916024,81.66238217652099,3.7766990291262137,42.159383033419026,57.84061696658098
2014-01-01,Pharmacy,Private,Punjab,33.0,0.0,0.0,2305.0,587.0,884.0,409.0,905.0,383.0,1471.0,26.03670972127804,61.522773623385454,3.5965770171149143,39.90482664853841,60.0951733514616
2015-01-01,Pharmacy,Private,Punjab,32.0,1.0,0.0,2335.0,638.0,1173.0,581.0,959.0,381.0,1811.0,21.038100496963004,52.95416896742131,3.117039586919105,35.22915516289343,64.77084483710657
2016-01-01,Pharmacy,Private,Punjab,30.0,0.0,0.0,2200.0,630.0,1035.0,588.0,750.0,399.0,1665.0,23.963963963963963,45.04504504504504,2.8316326530612246,37.83783783783784,62.16216216216216
2017-01-01,Pharmacy,Private,Punjab,31.0,1.0,0.0,2300.0,688.0,1140.0,502.0,874.0,424.0,1828.0,23.194748358862142,47.81181619256017,3.641434262948207,37.63676148796499,62.36323851203501
2018-01-01,Pharmacy,Private,Punjab,32.0,1.0,0.0,2270.0,481.0,1072.0,656.0,980.0,488.0,1553.0,31.42305215711526,63.10367031551836,2.3673780487804876,30.972311654861556,69.02768834513844
2019-01-01,Pharmacy,Private,Punjab,38.0,5.0,0.0,2510.0,566.0,1266.0,742.0,953.0,570.0,1832.0,31.113537117903928,52.019650655021834,2.4690026954177897,30.89519650655022,69.10480349344978
2020-01-01,Pharmacy,Private,Punjab,42.0,2.0,1.0,2892.0,448.0,1171.0,1279.0,634.0,518.0,1619.0,31.99505867819642,39.15997529339098,1.2658326817826426,27.671402100061766,72.32859789993823
2021-01-01,Pharmacy,Private,Punjab,27.0,1.0,0.0,1930.0,269.0,857.0,1010.0,1016.0,356.0,1126.0,31.616341030195382,90.23090586145648,1.114851485148515,23.8898756660746,76.1101243339254
2013-01-01,Engineering,Government,Punjab,6.0,0.0,0.0,3074.0,788.0,2194.0,443.0,2635.0,623.0,2982.0,20.89201877934272,88.36351441985245,6.7313769751693,26.42521797451375,73.57478202548626
2014-01-01,Engineering,Government,Punjab,7.0,0.0,0.0,3494.0,574.0,2289.0,539.0,3074.0,628.0,2863.0,21.935033181976948,107.36989172196996,5.311688311688312,20.048899755501225,79.95110024449878
2015-01-01,Engineering,Government,Punjab,7.0,0.0,0.0,4227.0,512.0,2482.0,750.0,3004.0,762.0,2994.0,25.450901803607213,100.33400133600534,3.992,17.100868403473616,82.89913159652639
2016-01-01,Engineering,Government,Punjab,7.0,0.0,0.0,3885.0,430.0,2327.0,755.0,2610.0,906.0,2757.0,32.861806311207836,94.66811751904244,3.6516556291390727,15.596663039535727,84.40333696046427
2017-01-01,Engineering,Government,Punjab,6.0,0.0,0.0,3285.0,301.0,1585.0,687.0,1641.0,670.0,1886.0,35.52492046659597,87.00954400848356,2.7452692867540027,15.959703075291623,84.04029692470839
2018-01-01,Engineering,Government,Punjab,7.0,0.0,0.0,3705.0,247.0,1743.0,692.0,2693.0,1050.0,1990.0,52.76381909547738,135.32663316582912,2.8757225433526012,12.412060301507537,87.58793969849246
2019-01-01,Engineering,Government,Punjab,9.0,2.0,0.0,4125.0,354.0,1616.0,726.0,2464.0,983.0,1970.0,49.898477157360404,125.07614213197971,2.713498622589532,17.96954314720812,82.03045685279187
2020-01-01,Engineering,Government,Punjab,11.0,2.0,0.0,4239.0,360.0,1844.0,1363.0,2461.0,812.0,2204.0,36.84210526315789,111.6606170598911,1.6170212765957446,16.33393829401089,83.66606170598911
2021-01-01,Engineering,Government,Punjab,11.0,0.0,0.0,4209.0,442.0,1572.0,1399.0,2694.0,657.0,2014.0,32.62164846077458,133.7636544190665,1.4395997140814867,21.94637537239325,78.05362462760675
2013-01-01,Engineering,Private,Punjab,97.0,4.0,0.0,27547.5,4504.0,6119.5,3249.0,9062.5,5448.0,12414.0,43.88593523441276,73.00225551796359,3.8208679593721144,36.28161752859674,49.29515063637828
2014-01-01,Engineering,Private,Punjab,98.0,2.0,0.0,27547.5,3194.0,6119.5,3249.0,9062.5,5448.0,12414.0,43.88593523441276,73.00225551796359,3.8208679593721144,25.72901562751732,49.29515063637828
2015-01-01,Engineering,Private,Punjab,104.0,2.0,1.0,27547.5,2778.0,6119.5,3249.0,9062.5,5448.0,12414.0,43.88593523441276,73.00225551796359,3.8208679593721144,22.37796036732721,49.29515063637828
2016-01-01,Engineering,Private,Punjab,102.0,1.0,1.0,27547.5,2739.0,6119.5,3249.0,9062.5,5448.0,12414.0,43.88593523441276,73.00225551796359,3.8208679593721144,22.06379893668439,49.29515063637828
2017-01-01,Engineering,Private,Punjab,97.0,0.0,2.5,27547.5,2506.0,6119.5,3249.0,9062.5,5448.0,12414.0,43.88593523441276,73.00225551796359,3.8208679593721144,20.186885774125987,49.29515063637828
2018-01-01,Engineering,Private,Punjab,94.0,0.0,2.0,27547.5,2631.0,6119.5,3249.0,9062.5,5448.0,12414.0,43.88593523441276,73.00225551796359,3.8208679593721144,21.193813436442728,49.29515063637828
2019-01-01,Engineering,Private,Punjab,88.0,4.0,0.0,27547.5,2549.0,6119.5,3249.0,9062.5,5448.0,12414.0,43.88593523441276,73.00225551796359,3.8208679593721144,20.533268889962944,49.29515063637828
2020-01-01,Engineering,Private,Punjab,86.0,2.0,2.5,27547.5,2627.0,6119.5,3249.0,9059.0,5448.0,12414.0,43.88593523441276,72.97406154341873,3.8208679593721144,21.16159175124859,49.29515063637828
2021-01-01,Engineering,Private,Punjab,78.0,0.0,0.0,24790.0,2265.0,6119.5,3249.0,7573.0,5448.0,10699.0,50.92064678941958,70.78231610430882,3.2930132348414896,21.17020282269371,57.196934292924574
2013-01-01,Management,Private,Punjab,132.0,4.0,0.0,12300.0,2188.0,2316.0,1164.0,3372.0,1867.0,4504.0,41.45204262877442,74.86678507992896,3.8694158075601375,48.57904085257549,51.42095914742452
2014-01-01,Management,Private,Punjab,125.0,0.0,2.0,11850.0,2117.0,2542.0,1498.0,3815.0,2222.0,4659.0,47.69263790512986,81.88452457608929,3.1101468624833113,45.43893539386134,54.56106460613866
2015-01-01,Management,Private,Punjab,123.0,2.0,2.0,11640.0,2679.0,3099.0,1647.0,3718.0,2172.0,5778.0,37.59086188992731,64.34752509518866,3.5081967213114753,46.36552440290758,53.634475597092425
2016-01-01,Management,Private,Punjab,115.0,0.0,1.0,10830.0,2602.0,2877.0,1481.0,3908.0,2149.0,5479.0,39.22248585508304,71.32688446796861,3.6995273463875757,47.490417959481654,52.509582040518346
2017-01-01,Management,Private,Punjab,110.0,0.0,2.5,10170.0,2522.0,2646.0,1187.0,4075.0,2319.0,5168.0,44.87229102167183,78.85061919504643,4.353833192923336,48.80030959752322,51.19969040247678
2018-01-01,Management,Private,Punjab,109.0,0.0,2.5,9912.0,2380.0,2815.0,1495.0,3801.0,2347.0,5195.0,45.17805582290664,73.1665062560154,3.4749163879598663,45.813282001924925,54.186717998075075
2019-01-01,Management,Private,Punjab,101.0,2.0,2.5,8087.0,2227.0,2188.0,1049.0,3454.0,2296.0,4415.0,52.00453001132502,78.23329558323896,4.208770257387989,50.44167610419026,49.55832389580974
2020-01-01,Management,Private,Punjab,92.0,1.0,2.5,7448.0,2069.0,2271.0,970.0,2435.0,2435.0,4340.0,56.10599078341014,56.10599078341014,4.474226804123711,47.67281105990783,52.327188940092164
2021-01-01,Management,Private,Punjab,86.0,0.0,0.0,6848.0,1713.0,1963.0,1091.0,2986.0,1621.0,3676.0,44.096844396082695,81.22959738846572,3.369385884509624,46.59956474428727,53.40043525571273
2013-01-01,Management,Government,Punjab,7.0,0.0,0.0,450.0,115.0,106.0,26.0,231.0,107.0,221.0,48.41628959276018,104.52488687782807,8.5,52.03619909502263,47.963800904977376
2014-01-01,Management,Government,Punjab,7.0,0.0,0.0,450.0,137.0,78.0,31.0,175.0,35.0,215.0,16.27906976744186,81.3953488372093,6.935483870967742,63.72093023255814,36.27906976744186
2015-01-01,Management,Government,Punjab,7.0,0.0,0.0,450.0,121.0,74.0,51.0,203.0,35.0,195.0,17.94871794871795,104.10256410256412,3.823529411764706,62.05128205128205,37.94871794871795
2016-01-01,Management,Government,Punjab,7.0,0.0,0.0,450.0,163.0,85.0,51.0,206.0,57.0,248.0,22.983870967741936,83.06451612903226,4.862745098039215,65.7258064516129,34.274193548387096
2017-01-01,Management,Government,Punjab,7.0,0.0,0.0,450.0,117.0,81.0,37.0,131.0,40.0,198.0,20.2020202020202,66.16161616161617,5.351351351351352,59.09090909090909,40.909090909090914
2018-01-01,Management,Government,Punjab,6.0,0.0,0.0,390.0,139.0,53.0,50.0,133.0,62.0,192.0,32.29166666666667,69.27083333333334,3.84,72.39583333333334,27.604166666666668
2019-01-01,Management,Government,Punjab,6.0,0.0,0.0,390.0,133.0,65.0,35.0,148.0,86.0,198.0,43.43434343434344,74.74747474747475,5.6571428571428575,67.17171717171718,32.82828282828283
2020-01-01,Management,Government,Punjab,4.0,0.0,0.0,270.0,56.0,52.0,48.0,127.0,69.0,108.0,63.888888888888886,117.59259259259258,2.25,51.85185185185185,48.148148148148145
2021-01-01,Management,Government,Punjab,3.0,0.0,0.0,240.0,38.0,28.0,48.0,101.0,24.0,66.0,36.36363636363637,153.03030303030303,1.375,57.57575757575758,42.42424242424242
2013-01-01,Engineering,All,Punjab,103.0,4.0,0.0,27547.5,5292.0,6119.5,3249.0,9062.5,5448.0,12414.0,43.88593523441276,73.00225551796359,3.8208679593721144,42.62928951184147,49.29515063637828
2014-01-01,Engineering,All,Punjab,105.0,2.0,0.0,27547.5,3768.0,6119.5,3249.0,9062.5,5448.0,12414.0,43.88593523441276,73.00225551796359,3.8208679593721144,30.352827452875786,49.29515063637828
2015-01-01,Engineering,All,Punjab,111.0,2.0,1.0,27547.5,3290.0,6119.5,3249.0,9062.5,5448.0,12414.0,43.88593523441276,73.00225551796359,3.8208679593721144,26.502336072176575,49.29515063637828
2016-01-01,Engineering,All,Punjab,109.0,1.0,1.0,27547.5,3169.0,6119.5,3249.0,9062.5,5448.0,12414.0,43.88593523441276,73.00225551796359,3.8208679593721144,25.527630095053972,49.29515063637828
2017-01-01,Engineering,All,Punjab,103.0,0.0,2.5,27547.5,2807.0,6119.5,3249.0,9062.5,5448.0,12414.0,43.88593523441276,73.00225551796359,3.8208679593721144,22.611567584984694,49.29515063637828
2018-01-01,Engineering,All,Punjab,101.0,0.0,2.0,27547.5,2878.0,6119.5,3249.0,9062.5,5448.0,12414.0,43.88593523441276,73.00225551796359,3.8208679593721144,23.1835024971806,49.29515063637828
2019-01-01,Engineering,All,Punjab,97.0,5.0,0.0,27547.5,2903.0,6119.5,3249.0,9062.5,5448.0,12414.0,43.88593523441276,73.00225551796359,3.8208679593721144,23.38488802964395,49.29515063637828
2020-01-01,Engineering,All,Punjab,97.0,4.0,2.5,27547.5,2987.0,6119.5,3249.0,9062.5,5448.0,12414.0,43.88593523441276,73.00225551796359,3.8208679593721144,24.0615434187208,49.29515063637828
2021-01-01,Engineering,All,Punjab,89.0,0.0,0.0,27547.5,2707.0,6119.5,3249.0,9062.5,5448.0,12414.0,43.88593523441276,73.00225551796359,3.8208679593721144,21.8060254551313,49.29515063637828
2013-01-01,Management,All,Punjab,139.0,4.0,0.0,12750.0,2303.0,2422.0,1190.0,3603.0,1974.0,4725.0,41.77777777777778,76.25396825396825,3.9705882352941178,48.74074074074074,51.25925925925926
2014-01-01,Management,All,Punjab,132.0,0.0,2.0,12300.0,2254.0,2620.0,1529.0,3990.0,2257.0,4874.0,46.30693475584735,81.86294624538367,3.1877043819489863,46.24538366844481,53.75461633155519
2015-01-01,Management,All,Punjab,130.0,2.0,2.0,12090.0,2800.0,3173.0,1698.0,3921.0,2207.0,5973.0,36.94960656286624,65.64540431943747,3.5176678445229683,46.87761593838942,53.12238406161058
2016-01-01,Management,All,Punjab,122.0,0.0,1.0,11280.0,2765.0,2962.0,1532.0,4114.0,2206.0,5727.0,38.51929456958268,71.83516675397242,3.7382506527415145,48.28007682905535,51.71992317094465
2017-01-01,Management,All,Punjab,117.0,0.0,2.5,10620.0,2639.0,2727.0,1224.0,4206.0,2359.0,5366.0,43.96198285501304,78.38240775251583,4.383986928104576,49.18002236302647,50.81997763697353
2018-01-01,Management,All,Punjab,115.0,0.0,2.5,10302.0,2519.0,2868.0,1545.0,3934.0,2409.0,5387.0,44.71876740300724,73.02765917950622,3.4867313915857605,46.76072025245963,53.23927974754038
2019-01-01,Management,All,Punjab,107.0,2.0,2.5,8477.0,2360.0,2253.0,1084.0,3602.0,2382.0,4613.0,51.636678950791236,78.08367656622588,4.2555350553505535,51.1597658790375,48.84023412096249
2020-01-01,Management,All,Punjab,96.0,1.0,2.5,7718.0,2125.0,2323.0,1018.0,2562.0,2504.0,4448.0,56.29496402877698,57.59892086330935,4.369351669941061,47.77428057553957,52.22571942446043
2021-01-01,Management,All,Punjab,89.0,0.0,0.0,7088.0,1751.0,1991.0,1139.0,3059.0,1645.0,3742.0,43.960448957776585,81.74772848743987,3.2853380158033363,46.79315873864244,53.20684126135756
2013-01-01,Pharmacy,All,Punjab,35.0,1.0,0.0,2255.0,555.0,714.0,338.0,1011.0,428.0,1269.0,33.72734436564224,79.66903073286052,3.7544378698224854,43.73522458628842,56.26477541371159
2014-01-01,Pharmacy,All,Punjab,36.0,0.0,0.0,2425.0,632.0,924.0,438.0,980.0,428.0,1556.0,27.506426735218508,62.98200514138818,3.5525114155251143,40.616966580976865,59.383033419023135
2015-01-01,Pharmacy,All,Punjab,35.0,1.0,0.0,2455.0,713.0,1206.0,609.0,1043.0,439.0,1919.0,22.876498176133403,54.35122459614382,3.1510673234811164,37.15476810838979,62.84523189161021
2016-01-01,Pharmacy,All,Punjab,35.0,0.0,0.0,2413.0,725.0,1099.0,618.0,882.0,469.0,1824.0,25.712719298245613,48.35526315789473,2.9514563106796117,39.747807017543856,60.252192982456144
2017-01-01,Pharmacy,All,Punjab,36.0,1.0,0.0,2513.0,782.0,1229.0,530.0,1014.0,445.0,2011.0,22.12829438090502,50.4226752859274,3.7943396226415094,38.88612630532074,61.11387369467926
2018-01-01,Pharmacy,All,Punjab,37.0,1.0,0.0,2483.0,569.0,1149.0,684.0,1129.0,549.0,1718.0,31.955762514551804,65.71594877764842,2.5116959064327484,33.119906868451686,66.8800931315483
2019-01-01,Pharmacy,All,Punjab,43.0,5.0,0.0,2723.0,654.0,1359.0,767.0,1064.0,623.0,2013.0,30.94883258817685,52.856433184302034,2.6245110821382007,32.48882265275708,67.51117734724292
2020-01-01,Pharmacy,All,Punjab,47.0,2.0,1.0,3085.0,519.0,1255.0,1339.0,741.0,544.0,1774.0,30.665163472378804,41.77001127395716,1.3248693054518297,29.255918827508452,70.74408117249155
2021-01-01,Pharmacy,All,Punjab,32.0,1.0,0.0,2123.0,352.0,930.0,1073.0,1105.0,390.0,1282.0,30.42121684867395,86.19344773790951,1.1947809878844362,27.45709828393136,72.54290171606864
2013-01-01,Pharmacy,Government,Rajasthan,1.0,0.0,0.0,40.0,0.0,0.0,2.0,36.0,0.0,0.0,,inf,0.0,,
2014-01-01,Pharmacy,Government,Rajasthan,1.0,0.0,0.0,40.0,2.0,5.0,5.0,34.0,0.0,7.0,0.0,485.71428571428567,1.4,28.57142857142857,71.42857142857143
2015-01-01,Pharmacy,Government,Rajasthan,1.0,0.0,0.0,40.0,12.0,16.0,5.0,32.0,0.0,28.0,0.0,114.28571428571428,5.6,42.857142857142854,57.14285714285714
2016-01-01,Pharmacy,Government,Rajasthan,1.0,0.0,0.0,40.0,13.0,27.0,11.0,26.0,0.0,40.0,0.0,65.0,3.6363636363636362,32.5,67.5
2017-01-01,Pharmacy,Government,Rajasthan,1.0,0.0,0.0,40.0,13.0,27.0,11.0,30.0,0.0,40.0,0.0,75.0,3.6363636363636362,32.5,67.5
2018-01-01,Pharmacy,Government,Rajasthan,1.0,0.0,0.0,40.0,15.0,22.0,11.0,20.0,5.0,37.0,13.513513513513514,54.054054054054056,3.3636363636363638,40.54054054054054,59.45945945945946
2019-01-01,Pharmacy,Government,Rajasthan,1.0,0.0,0.0,40.0,16.0,24.0,11.0,36.0,10.0,40.0,25.0,90.0,3.6363636363636362,40.0,60.0
2020-01-01,Pharmacy,Government,Rajasthan,2.0,1.0,0.0,100.0,23.0,77.0,19.0,67.0,0.0,100.0,0.0,67.0,5.2631578947368425,23.0,77.0
2021-01-01,Pharmacy,Government,Rajasthan,2.0,1.0,0.0,100.0,7.0,47.0,28.0,71.0,0.0,54.0,0.0,131.4814814814815,1.9285714285714286,12.962962962962962,87.03703703703704
2013-01-01,Pharmacy,Private,Rajasthan,38.0,0.0,1.0,2406.0,297.0,635.0,347.0,673.0,303.0,932.0,32.51072961373391,72.21030042918454,2.685878962536023,31.86695278969957,68.13304721030042
2014-01-01,Pharmacy,Private,Rajasthan,36.0,0.0,0.0,2340.0,140.0,809.0,458.0,700.0,364.0,949.0,38.35616438356164,73.76185458377239,2.072052401746725,14.75237091675448,85.24762908324553
2015-01-01,Pharmacy,Private,Rajasthan,33.0,0.0,0.0,2190.0,200.0,1023.0,519.0,614.0,326.0,1223.0,26.655764513491416,50.20441537203598,2.3564547206165702,16.35322976287817,83.64677023712184
2016-01-01,Pharmacy,Private,Rajasthan,32.0,0.0,0.0,2130.0,157.0,941.0,456.0,620.0,255.0,1098.0,23.224043715846996,56.466302367941715,2.4078947368421053,14.29872495446266,85.70127504553734
2017-01-01,Pharmacy,Private,Rajasthan,28.0,0.0,0.0,1810.0,174.0,1233.0,444.0,618.0,387.0,1407.0,27.505330490405118,43.923240938166316,3.168918918918919,12.366737739872068,87.63326226012794
2018-01-01,Pharmacy,Private,Rajasthan,32.0,2.0,0.0,2128.0,244.0,1417.0,451.0,661.0,361.0,1661.0,21.733895243829018,39.79530403371463,3.682926829268293,14.68994581577363,85.31005418422637
2019-01-01,Pharmacy,Private,Rajasthan,34.0,2.5,1.0,2260.0,304.0,1411.0,469.0,442.0,438.0,1715.0,25.53935860058309,25.77259475218659,3.656716417910448,17.72594752186589,82.27405247813411
2020-01-01,Pharmacy,Private,Rajasthan,37.0,2.5,0.0,2467.0,266.0,992.0,894.0,171.0,363.0,1258.0,28.855325914149443,13.593004769475359,1.407158836689038,21.144674085850557,78.85532591414945
2021-01-01,Pharmacy,Private,Rajasthan,11.0,0.0,0.0,700.0,119.0,272.0,396.0,92.0,109.0,391.0,27.877237851662407,23.52941176470588,0.9873737373737373,30.434782608695656,69.56521739130434
2013-01-01,Engineering,Government,Rajasthan,10.0,1.0,0.0,4115.0,1340.0,2612.0,511.0,2622.0,729.0,3952.0,18.446356275303643,66.34615384615384,7.73385518590998,33.906882591093115,66.09311740890689
2014-01-01,Engineering,Government,Rajasthan,10.0,0.0,0.0,4355.0,1036.0,2821.0,736.0,2908.0,977.0,3857.0,25.330567798807362,75.39538501425979,5.240489130434782,26.860254083484573,73.13974591651544
2015-01-01,Engineering,Government,Rajasthan,11.0,0.0,0.0,4715.0,973.0,2907.0,752.0,3091.0,1064.0,3880.0,27.422680412371136,79.66494845360825,5.159574468085107,25.077319587628864,74.92268041237114
2016-01-01,Engineering,Government,Rajasthan,12.0,0.0,0.0,4740.0,983.0,2973.0,715.0,3575.0,1190.0,3956.0,30.080889787664304,90.3690596562184,5.532867132867133,24.848331648129424,75.15166835187057
2017-01-01,Engineering,Government,Rajasthan,12.0,0.0,0.0,4680.0,862.0,2797.0,755.0,5596.0,998.0,3659.0,27.275211806504508,152.93796119158242,4.84635761589404,23.558349275758403,76.4416507242416
2018-01-01,Engineering,Government,Rajasthan,15.0,2.5,0.0,5795.0,762.0,2618.0,703.0,3480.0,780.0,3380.0,23.076923076923077,102.9585798816568,4.80796586059744,22.54437869822485,77.45562130177515
2019-01-01,Engineering,Government,Rajasthan,16.0,1.0,0.0,6155.0,705.0,2485.0,910.0,3156.0,980.0,3190.0,30.721003134796238,98.93416927899686,3.5054945054945055,22.10031347962382,77.89968652037618
2020-01-01,Engineering,Government,Rajasthan,16.0,0.0,0.0,5921.0,690.0,2769.0,1590.0,2407.0,853.0,3459.0,24.66030644694999,69.58658571841573,2.1754716981132076,19.9479618386817,80.0520381613183
2021-01-01,Engineering,Government,Rajasthan,17.0,1.0,0.0,5896.0,730.0,2387.0,1716.0,3203.0,855.0,3117.0,27.43022136669875,102.7590632017966,1.8164335664335665,23.419955085017648,76.58004491498235
2013-01-01,Engineering,Private,Rajasthan,125.0,2.5,1.0,29385.0,3950.0,6100.0,2943.5,8314.5,4477.5,8302.0,53.93278728017346,100.1505661286437,2.8204518430439953,47.578896651409295,73.47627077812575
2014-01-01,Engineering,Private,Rajasthan,126.0,2.5,1.0,29385.0,3911.0,6100.0,2943.5,8314.5,4477.5,8302.0,53.93278728017346,100.1505661286437,2.8204518430439953,47.109130330040955,73.47627077812575
2015-01-01,Engineering,Private,Rajasthan,131.0,1.0,1.0,29385.0,3033.0,6100.0,2943.5,8314.5,4477.5,8302.0,53.93278728017346,100.1505661286437,2.8204518430439953,36.53336545410744,73.47627077812575
2016-01-01,Engineering,Private,Rajasthan,126.0,0.0,1.0,29385.0,2921.0,6100.0,2943.5,8314.5,4477.5,8302.0,53.93278728017346,100.1505661286437,2.8204518430439953,35.18429294145989,73.47627077812575
2017-01-01,Engineering,Private,Rajasthan,118.0,0.0,2.5,29385.0,2388.0,6100.0,2943.5,8314.5,4477.5,8302.0,53.93278728017346,100.1505661286437,2.8204518430439953,28.76415321609251,73.47627077812575
2018-01-01,Engineering,Private,Rajasthan,108.0,1.0,2.5,29385.0,2093.0,6100.0,2943.5,8314.5,4477.5,8302.0,53.93278728017346,100.1505661286437,2.8204518430439953,25.21079258010118,73.47627077812575
2019-01-01,Engineering,Private,Rajasthan,101.0,2.5,2.5,29385.0,2841.0,6100.0,2943.5,8314.5,4477.5,8302.0,53.93278728017346,100.1505661286437,2.8204518430439953,34.22066971814021,73.47627077812575
2020-01-01,Engineering,Private,Rajasthan,98.0,2.0,2.5,29385.0,2993.0,6100.0,2943.5,8299.0,4477.5,8302.0,53.93278728017346,99.96386412912551,2.8204518430439953,36.0515538424476,73.47627077812575
2021-01-01,Engineering,Private,Rajasthan,93.0,0.0,0.0,29385.0,2944.0,6100.0,2943.5,8314.5,4477.5,8302.0,53.93278728017346,100.1505661286437,2.8204518430439953,35.4613346181643,73.47627077812575
2013-01-01,Management,Private,Rajasthan,133.0,1.0,2.5,12840.0,1393.0,1992.0,1142.0,2996.0,1752.0,3385.0,51.75775480059084,88.50812407680945,2.9640980735551663,41.15214180206795,58.847858197932055
2014-01-01,Management,Private,Rajasthan,118.0,1.0,2.5,12390.0,1043.0,1778.0,1231.0,2692.0,1682.0,2821.0,59.62424672102091,95.42715349166963,2.291632818846466,36.972704714640194,63.0272952853598
2015-01-01,Management,Private,Rajasthan,103.0,0.0,2.5,9600.0,1108.0,2017.0,1365.0,2398.0,1544.0,3125.0,49.408,76.736,2.2893772893772892,35.455999999999996,64.544
2016-01-01,Management,Private,Rajasthan,90.0,0.0,2.0,8115.0,1209.0,1781.0,1052.0,2479.0,1711.0,2990.0,57.22408026755853,82.90969899665552,2.8422053231939164,40.43478260869565,59.56521739130435
2017-01-01,Management,Private,Rajasthan,83.0,0.0,2.0,7455.0,1178.0,1524.0,977.0,2119.0,1530.0,2702.0,56.62472242783123,78.42339008142118,2.76560900716479,43.59733530717987,56.40266469282014
2018-01-01,Management,Private,Rajasthan,70.0,0.0,2.5,6105.0,1324.0,1610.0,885.0,1963.0,1413.0,2934.0,48.15950920245399,66.90524880708931,3.3152542372881357,45.12610770279482,54.87389229720519
2019-01-01,Management,Private,Rajasthan,69.0,2.0,1.0,5925.0,1601.0,1436.0,728.0,2636.0,1944.0,3037.0,64.01053671386236,86.79618044122489,4.1717032967032965,52.71649654264077,47.28350345735924
2020-01-01,Management,Private,Rajasthan,68.0,0.0,1.0,5647.0,1811.0,1575.0,755.0,1985.0,1934.0,3386.0,57.11754282339043,58.62374483165978,4.48476821192053,53.484937979917305,46.515062020082695
2021-01-01,Management,Private,Rajasthan,67.0,1.0,0.0,5767.0,1480.0,1354.0,768.0,2138.0,1730.0,2834.0,61.044460127028934,75.44107268877912,3.6901041666666665,52.22300635144672,47.77699364855329
2013-01-01,Management,Government,Rajasthan,10.0,1.0,0.0,580.0,116.0,160.0,65.0,257.0,87.0,276.0,31.521739130434785,93.11594202898551,4.246153846153846,42.028985507246375,57.971014492753625
2014-01-01,Management,Government,Rajasthan,10.0,0.0,0.0,580.0,68.0,126.0,64.0,213.0,116.0,194.0,59.79381443298969,109.7938144329897,3.03125,35.051546391752574,64.94845360824742
2015-01-01,Management,Government,Rajasthan,10.0,0.0,0.0,580.0,48.0,116.0,50.0,155.0,99.0,164.0,60.36585365853659,94.51219512195121,3.28,29.268292682926827,70.73170731707317
2016-01-01,Management,Government,Rajasthan,11.0,0.0,0.0,610.0,69.0,100.0,52.0,179.0,113.0,169.0,66.86390532544378,105.91715976331362,3.25,40.828402366863905,59.171597633136095
2017-01-01,Management,Government,Rajasthan,8.0,0.0,0.0,430.0,64.0,91.0,50.0,136.0,99.0,155.0,63.87096774193548,87.74193548387098,3.1,41.29032258064516,58.70967741935483
2018-01-01,Management,Government,Rajasthan,10.0,1.0,0.0,670.0,61.0,139.0,65.0,216.0,98.0,200.0,49.0,108.0,3.076923076923077,30.5,69.5
2019-01-01,Management,Government,Rajasthan,8.0,0.0,0.0,450.0,63.0,124.0,45.0,197.0,119.0,187.0,63.63636363636363,105.3475935828877,4.155555555555556,33.68983957219251,66.31016042780749
2020-01-01,Management,Government,Rajasthan,8.0,0.0,0.0,387.0,83.0,137.0,39.0,105.0,114.0,220.0,51.81818181818182,47.72727272727273,5.641025641025641,37.72727272727273,62.272727272727266
2021-01-01,Management,Government,Rajasthan,9.0,0.0,0.0,450.0,49.0,98.0,64.0,154.0,66.0,147.0,44.89795918367347,104.76190476190477,2.296875,33.33333333333333,66.66666666666666
2013-01-01,Engineering,All,Rajasthan,135.0,2.5,1.0,29385.0,3950.0,6100.0,2943.5,8314.5,4477.5,8302.0,53.93278728017346,100.1505661286437,2.8204518430439953,47.578896651409295,73.47627077812575
2014-01-01,Engineering,All,Rajasthan,136.0,2.5,1.0,29385.0,3950.0,6100.0,2943.5,8314.5,4477.5,8302.0,53.93278728017346,100.1505661286437,2.8204518430439953,47.578896651409295,73.47627077812575
2015-01-01,Engineering,All,Rajasthan,142.0,1.0,1.0,29385.0,3950.0,6100.0,2943.5,8314.5,4477.5,8302.0,53.93278728017346,100.1505661286437,2.8204518430439953,47.578896651409295,73.47627077812575
2016-01-01,Engineering,All,Rajasthan,138.0,0.0,1.0,29385.0,3904.0,6100.0,2943.5,8314.5,4477.5,8302.0,53.93278728017346,100.1505661286437,2.8204518430439953,47.02481329800048,73.47627077812575
2017-01-01,Engineering,All,Rajasthan,130.0,0.0,2.5,29385.0,3250.0,6100.0,2943.5,8314.5,4477.5,8302.0,53.93278728017346,100.1505661286437,2.8204518430439953,39.147193447362085,73.47627077812575
2018-01-01,Engineering,All,Rajasthan,123.0,2.5,2.5,29385.0,2855.0,6100.0,2943.5,8314.5,4477.5,8302.0,53.93278728017346,100.1505661286437,2.8204518430439953,34.389303782221155,73.47627077812575
2019-01-01,Engineering,All,Rajasthan,117.0,2.5,2.5,29385.0,3546.0,6100.0,2943.5,8314.5,4477.5,8302.0,53.93278728017346,100.1505661286437,2.8204518430439953,42.712599373644906,73.47627077812575
2020-01-01,Engineering,All,Rajasthan,114.0,2.0,2.5,29385.0,3683.0,6100.0,2943.5,8314.5,4477.5,8302.0,53.93278728017346,100.1505661286437,2.8204518430439953,44.36280414357986,73.47627077812575
2021-01-01,Engineering,All,Rajasthan,110.0,1.0,0.0,29385.0,3674.0,6100.0,2943.5,8314.5,4477.5,8302.0,53.93278728017346,100.1505661286437,2.8204518430439953,44.2543965309564,73.47627077812575
2013-01-01,Management,All,Rajasthan,143.0,2.0,2.5,13420.0,1509.0,2152.0,1207.0,3253.0,1839.0,3661.0,50.23217700081945,88.85550396066648,3.0331400165700084,41.21824638077028,58.78175361922972
2014-01-01,Management,All,Rajasthan,128.0,1.0,2.5,12970.0,1111.0,1904.0,1295.0,2905.0,1798.0,3015.0,59.63515754560531,96.35157545605307,2.328185328185328,36.84908789386402,63.15091210613598
2015-01-01,Management,All,Rajasthan,113.0,0.0,2.5,10180.0,1156.0,2133.0,1415.0,2553.0,1643.0,3289.0,49.95439343265431,77.62237762237763,2.324381625441696,35.147461234417754,64.85253876558225
2016-01-01,Management,All,Rajasthan,101.0,0.0,2.0,8725.0,1278.0,1881.0,1104.0,2658.0,1824.0,3159.0,57.7397910731244,84.14055080721748,2.8614130434782608,40.45584045584046,59.54415954415955
2017-01-01,Management,All,Rajasthan,91.0,0.0,2.0,7885.0,1242.0,1615.0,1027.0,2255.0,1629.0,2857.0,57.01785089254463,78.92894644732237,2.7818889970788705,43.472173608680436,56.52782639131957
2018-01-01,Management,All,Rajasthan,80.0,1.0,2.5,6775.0,1385.0,1749.0,950.0,2179.0,1511.0,3134.0,48.21314613911933,69.52776005105297,3.298947368421053,44.19272495213784,55.80727504786216
2019-01-01,Management,All,Rajasthan,77.0,2.0,1.0,6375.0,1664.0,1560.0,773.0,2833.0,2063.0,3224.0,63.988833746898266,87.87220843672456,4.170763260025873,51.61290322580645,48.38709677419355
2020-01-01,Management,All,Rajasthan,76.0,0.0,1.0,6034.0,1894.0,1712.0,794.0,2090.0,2048.0,3606.0,56.79423183582918,57.95895729339989,4.541561712846348,52.52357182473655,47.47642817526345
2021-01-01,Management,All,Rajasthan,76.0,1.0,0.0,6217.0,1529.0,1452.0,832.0,2289.0,1796.0,2981.0,60.248238846024826,76.78631331767863,3.5829326923076925,51.291512915129154,48.708487084870846
2013-01-01,Pharmacy,All,Rajasthan,39.0,0.0,1.0,2446.0,297.0,635.0,349.0,709.0,303.0,932.0,32.51072961373391,76.07296137339056,2.670487106017192,31.86695278969957,68.13304721030042
2014-01-01,Pharmacy,All,Rajasthan,37.0,0.0,0.0,2380.0,142.0,814.0,463.0,734.0,364.0,956.0,38.07531380753138,76.77824267782427,2.064794816414687,14.853556485355648,85.14644351464436
2015-01-01,Pharmacy,All,Rajasthan,34.0,0.0,0.0,2230.0,212.0,1039.0,524.0,614.0,326.0,1251.0,26.059152677857718,49.08073541167066,2.3874045801526718,16.94644284572342,83.05355715427658
2016-01-01,Pharmacy,All,Rajasthan,33.0,0.0,0.0,2170.0,170.0,968.0,467.0,620.0,255.0,1138.0,22.407732864674866,54.48154657293497,2.436830835117773,14.938488576449913,85.06151142355009
2017-01-01,Pharmacy,All,Rajasthan,29.0,0.0,1.0,1850.0,187.0,1260.0,455.0,618.0,387.0,1447.0,26.74498963372495,42.70905321354527,3.18021978021978,12.923289564616447,87.07671043538355
2018-01-01,Pharmacy,All,Rajasthan,33.0,2.0,0.0,2168.0,259.0,1439.0,462.0,681.0,366.0,1698.0,21.554770318021202,40.10600706713781,3.675324675324675,15.25323910482921,84.7467608951708
2019-01-01,Pharmacy,All,Rajasthan,35.0,2.0,0.0,2300.0,320.0,1435.0,480.0,478.0,448.0,1755.0,25.527065527065528,27.236467236467238,3.65625,18.233618233618234,81.76638176638177
2020-01-01,Pharmacy,All,Rajasthan,39.0,2.5,0.0,2567.0,289.0,1069.0,913.0,171.0,363.0,1358.0,26.730486008836525,12.592047128129602,1.4874041621029572,21.281296023564064,78.71870397643593
2021-01-01,Pharmacy,All,Rajasthan,13.0,0.0,0.0,800.0,126.0,319.0,424.0,1094.0,109.0,445.0,24.49438202247191,245.8426966292135,1.0495283018867925,28.314606741573034,71.68539325842697
2013-01-01,Pharmacy,Government,Tamil Nadu,2.0,0.0,0.0,120.0,59.0,52.0,14.0,108.0,39.0,111.0,35.13513513513514,97.2972972972973,7.928571428571429,53.153153153153156,46.846846846846844
2014-01-01,Pharmacy,Government,Tamil Nadu,2.0,0.0,0.0,120.0,64.0,43.0,22.0,107.0,53.0,107.0,49.532710280373834,100.0,4.863636363636363,59.813084112149525,40.18691588785047
2015-01-01,Pharmacy,Government,Tamil Nadu,2.0,0.0,0.0,120.0,59.0,52.0,23.0,100.0,6.0,111.0,5.405405405405405,90.09009009009009,4.826086956521739,53.153153153153156,46.846846846846844
2016-01-01,Pharmacy,Government,Tamil Nadu,2.0,0.0,0.0,120.0,72.0,36.0,28.0,91.0,30.0,108.0,27.77777777777778,84.25925925925925,3.857142857142857,66.66666666666666,33.33333333333333
2017-01-01,Pharmacy,Government,Tamil Nadu,2.0,0.0,0.0,168.0,70.0,70.0,28.0,152.0,47.0,140.0,33.57142857142857,108.57142857142857,5.0,50.0,50.0
2018-01-01,Pharmacy,Government,Tamil Nadu,3.0,0.0,0.0,168.0,78.0,85.0,34.0,142.0,86.0,163.0,52.760736196319016,87.11656441717791,4.794117647058823,47.85276073619632,52.14723926380368
2019-01-01,Pharmacy,Government,Tamil Nadu,3.0,0.0,0.0,168.0,82.0,65.0,39.0,153.0,102.0,147.0,69.38775510204081,104.08163265306123,3.769230769230769,55.78231292517006,44.21768707482993
2020-01-01,Pharmacy,Government,Tamil Nadu,3.0,0.0,0.0,180.0,87.0,88.0,67.0,139.0,115.0,175.0,65.71428571428571,79.42857142857143,2.611940298507463,49.714285714285715,50.28571428571429
2021-01-01,Pharmacy,Government,Tamil Nadu,3.0,0.0,0.0,180.0,86.0,95.0,70.0,154.0,40.0,181.0,22.099447513812155,85.0828729281768,2.585714285714286,47.51381215469613,52.48618784530387
2013-01-01,Pharmacy,Private,Tamil Nadu,37.0,0.0,0.0,2250.0,982.0,949.0,382.0,852.0,590.0,1931.0,30.554117037804247,44.122216468151215,5.054973821989528,50.854479544277574,49.145520455722426
2014-01-01,Pharmacy,Private,Tamil Nadu,37.0,0.0,0.0,2346.0,1008.0,1042.0,446.0,844.0,554.0,2050.0,27.02439024390244,41.170731707317074,4.596412556053812,49.170731707317074,50.829268292682926
2015-01-01,Pharmacy,Private,Tamil Nadu,37.0,0.0,0.0,2540.0,966.0,1153.0,516.0,967.0,727.0,2119.0,34.30863614912695,45.63473336479472,4.1065891472868215,45.58754129306276,54.41245870693724
2016-01-01,Pharmacy,Private,Tamil Nadu,38.0,1.0,0.0,2603.0,1014.0,1260.0,530.0,1151.0,688.0,2274.0,30.255057167985928,50.615655233069475,4.290566037735849,44.59102902374671,55.4089709762533
2017-01-01,Pharmacy,Private,Tamil Nadu,39.0,1.0,0.0,2780.0,1007.0,1445.0,779.0,1448.0,983.0,2452.0,40.08972267536704,59.05383360522023,3.147625160462131,41.068515497553015,58.931484502446985
2018-01-01,Pharmacy,Private,Tamil Nadu,48.0,8.0,0.0,3340.0,1240.0,1901.0,759.0,1568.0,1184.0,3141.0,37.69500159184973,49.920407513530726,4.138339920948616,39.477873288761536,60.52212671123846
2019-01-01,Pharmacy,Private,Tamil Nadu,62.0,12.5,0.0,4810.0,1475.0,2109.0,1029.0,370.0,1183.0,3584.0,33.0078125,10.323660714285714,3.4829931972789114,41.15513392857143,58.84486607142857
2020-01-01,Pharmacy,Private,Tamil Nadu,78.0,12.0,0.0,6324.0,789.0,1132.0,1584.0,315.0,428.0,1921.0,22.280062467464862,16.39770952628839,1.2127525252525253,41.07235814679854,58.927641853201465
2021-01-01,Pharmacy,Private,Tamil Nadu,13.0,0.0,0.0,980.0,232.0,322.0,412.0,1422.0,120.0,554.0,21.660649819494584,256.67870036101084,1.3446601941747574,41.87725631768953,58.12274368231047
2013-01-01,Engineering,Government,Tamil Nadu,14.0,0.0,0.0,5075.0,2275.0,2887.0,1112.0,4701.0,3004.0,5162.0,58.19449825648974,91.06935296396745,4.642086330935252,44.072065091049986,55.927934908950014
2014-01-01,Engineering,Government,Tamil Nadu,14.0,0.0,0.0,5260.0,2018.0,3023.0,1306.0,4955.0,2610.0,5041.0,51.77544138067843,98.29398928783971,3.8598774885145484,40.03173973417973,59.96826026582027
2015-01-01,Engineering,Government,Tamil Nadu,16.0,2.0,0.0,5860.0,2331.0,3261.0,1651.0,5219.0,2922.0,5592.0,52.253218884120166,93.32975679542204,3.387038158691702,41.68454935622318,58.31545064377682
2016-01-01,Engineering,Government,Tamil Nadu,22.0,4.0,0.0,8505.0,3209.0,4037.0,1699.0,6295.0,3537.0,7246.0,48.813138283190725,86.8755175269114,4.264861683343143,44.2865028981507,55.7134971018493
2017-01-01,Engineering,Government,Tamil Nadu,23.0,0.0,0.0,9315.0,3176.0,5091.0,1748.0,7861.0,3350.0,8267.0,40.52255957421072,95.08890770533446,4.729405034324943,38.41780573363977,61.582194266360226
2018-01-01,Engineering,Government,Tamil Nadu,24.0,1.0,0.0,9765.0,3207.0,4695.0,1858.0,7953.0,3573.0,7902.0,45.21640091116173,100.64540622627183,4.252960172228202,40.58466211085801,59.415337889141995
2019-01-01,Engineering,Government,Tamil Nadu,25.0,1.0,0.0,11270.0,3662.0,6084.0,2037.0,8167.0,3850.0,9746.0,39.503386004514674,83.79848142827827,4.784486990672558,37.57438949312539,62.42561050687462
2020-01-01,Engineering,Government,Tamil Nadu,38.0,12.5,0.0,16256.0,4438.0,8065.0,5058.0,7147.0,3850.0,12503.0,30.792609773654323,57.16228105254739,2.4719256623171213,35.49548108453971,64.50451891546028
2021-01-01,Engineering,Government,Tamil Nadu,41.0,3.0,0.0,17284.0,3957.0,7783.0,5622.0,8845.0,2601.0,11740.0,22.155025553662693,75.34071550255537,2.0882248310209888,33.70528109028961,66.2947189097104
2013-01-01,Engineering,Private,Tamil Nadu,498.0,12.5,0.0,86100.0,20811.5,26194.0,11617.0,38986.0,24848.5,45133.5,55.05555740192983,86.37929697453112,3.8851252474821383,46.11098186491187,58.03671330608084
2014-01-01,Engineering,Private,Tamil Nadu,511.0,12.5,0.0,86100.0,20811.5,26194.0,11617.0,38986.0,24848.5,45133.5,55.05555740192983,86.37929697453112,3.8851252474821383,46.11098186491187,58.03671330608084
2015-01-01,Engineering,Private,Tamil Nadu,516.0,3.0,0.0,86100.0,20811.5,26194.0,11617.0,38986.0,24848.5,45133.5,55.05555740192983,86.37929697453112,3.8851252474821383,46.11098186491187,58.03671330608084
2016-01-01,Engineering,Private,Tamil Nadu,511.0,3.0,2.5,86100.0,20811.5,26194.0,11617.0,38986.0,24848.5,45133.5,55.05555740192983,86.37929697453112,3.8851252474821383,46.11098186491187,58.03671330608084
2017-01-01,Engineering,Private,Tamil Nadu,504.0,1.0,2.5,86100.0,20811.5,26194.0,11617.0,38986.0,24848.5,45133.5,55.05555740192983,86.37929697453112,3.8851252474821383,46.11098186491187,58.03671330608084
2018-01-01,Engineering,Private,Tamil Nadu,499.0,2.0,2.5,86100.0,20811.5,26194.0,11617.0,38986.0,24848.5,45133.5,55.05555740192983,86.37929697453112,3.8851252474821383,46.11098186491187,58.03671330608084
2019-01-01,Engineering,Private,Tamil Nadu,508.0,12.5,2.5,86100.0,20811.5,26194.0,11617.0,38986.0,24848.5,45133.5,55.05555740192983,86.37929697453112,3.8851252474821383,46.11098186491187,58.03671330608084
2020-01-01,Engineering,Private,Tamil Nadu,482.0,2.0,2.0,86100.0,20811.5,26194.0,11617.0,38986.0,24848.5,45133.5,55.05555740192983,86.37929697453112,3.8851252474821383,46.11098186491187,58.03671330608084
2021-01-01,Engineering,Private,Tamil Nadu,465.0,2.0,2.5,86100.0,20811.5,26194.0,11617.0,38986.0,24848.5,45133.5,55.05555740192983,86.37929697453112,3.8851252474821383,46.11098186491187,58.03671330608084
2013-01-01,Management,Private,Tamil Nadu,393.0,10.0,0.0,35110.0,8656.0,11473.0,2866.0,15553.0,9140.0,20129.0,45.407124049878284,77.26663023498435,7.02337752965806,43.00263301704009,56.99736698295991
2014-01-01,Management,Private,Tamil Nadu,387.0,0.0,0.0,35790.0,6647.0,10504.0,3932.0,16144.0,9824.0,17151.0,57.279458923677915,94.12862223777039,4.361902339776195,38.755757681767825,61.24424231823218
2015-01-01,Management,Private,Tamil Nadu,360.0,1.0,2.5,33075.0,7063.0,9859.0,4653.0,13697.0,8653.0,16922.0,51.13461765748729,80.9419690343931,3.6367934665807007,41.73856518142063,58.26143481857936
2016-01-01,Management,Private,Tamil Nadu,343.0,0.0,2.5,31095.0,6884.0,8814.0,4323.0,13420.0,8180.0,15698.0,52.10854885972736,85.48859727353802,3.6312745778394633,43.85272009173143,56.147279908268565
2017-01-01,Management,Private,Tamil Nadu,332.0,0.0,1.0,29523.0,7204.0,8968.0,4147.0,13533.0,8352.0,16172.0,51.64481820430373,83.68167202572347,3.8996865203761755,44.54612911204551,55.453870887954494
2018-01-01,Management,Private,Tamil Nadu,325.0,2.0,2.5,28409.0,8195.0,9206.0,3997.0,13029.0,8167.0,17401.0,46.93408424803172,74.8750071834952,4.353515136352264,47.094994540543645,52.905005459456355
2019-01-01,Management,Private,Tamil Nadu,343.0,12.5,2.5,30389.0,8342.0,9733.0,3900.0,14087.0,10121.0,18075.0,55.994467496542185,77.93637621023514,4.634615384615385,46.1521438450899,53.847856154910104
2020-01-01,Management,Private,Tamil Nadu,338.0,1.0,0.0,29676.0,8310.0,9733.0,3665.0,10752.0,9674.0,18043.0,53.61636091559053,59.59097711023665,4.923055934515689,46.05664246522197,53.94335753477802
2021-01-01,Management,Private,Tamil Nadu,328.0,0.0,0.0,28103.0,7075.0,9219.0,3776.0,12108.0,7125.0,16294.0,43.7277525469498,74.30956180189027,4.315148305084746,43.42089112556769,56.57910887443231
2013-01-01,Management,Government,Tamil Nadu,19.0,1.0,0.0,1347.0,364.0,494.0,174.0,731.0,429.0,858.0,50.0,85.19813519813519,4.931034482758621,42.42424242424242,57.57575757575758
2014-01-01,Management,Government,Tamil Nadu,22.0,0.0,0.0,1597.0,413.0,543.0,212.0,891.0,527.0,956.0,55.1255230125523,93.20083682008368,4.509433962264151,43.20083682008368,56.79916317991632
2015-01-01,Management,Government,Tamil Nadu,22.0,0.0,0.0,1597.0,390.0,578.0,241.0,804.0,500.0,968.0,51.652892561983464,83.05785123966942,4.016597510373444,40.289256198347104,59.71074380165289
2016-01-01,Management,Government,Tamil Nadu,22.0,0.0,0.0,1657.0,455.0,621.0,216.0,916.0,626.0,1076.0,58.17843866171004,85.13011152416357,4.981481481481482,42.28624535315985,57.71375464684015
2017-01-01,Management,Government,Tamil Nadu,21.0,0.0,0.0,1513.0,420.0,555.0,210.0,973.0,591.0,975.0,60.61538461538461,99.7948717948718,4.642857142857143,43.07692307692308,56.92307692307692
2018-01-01,Management,Government,Tamil Nadu,21.0,1.0,0.0,1633.0,441.0,554.0,207.0,833.0,561.0,995.0,56.381909547738694,83.71859296482413,4.806763285024155,44.321608040201006,55.67839195979899
2019-01-01,Management,Government,Tamil Nadu,20.0,0.0,0.0,1408.0,456.0,632.0,191.0,928.0,531.0,1088.0,48.80514705882353,85.29411764705883,5.696335078534031,41.911764705882355,58.08823529411765
2020-01-01,Management,Government,Tamil Nadu,20.0,0.0,0.0,1578.0,528.0,635.0,197.0,916.0,620.0,1163.0,53.310404127257094,78.76182287188306,5.903553299492386,45.399828030954424,54.600171969045576
2021-01-01,Management,Government,Tamil Nadu,22.0,2.0,0.0,1683.0,505.0,669.0,204.0,902.0,600.0,1174.0,51.10732538330494,76.8313458262351,5.754901960784314,43.01533219761499,56.98466780238501
2013-01-01,Engineering,All,Tamil Nadu,525.0,12.5,0.0,86100.0,20811.5,26194.0,11617.0,38986.0,24848.5,45133.5,55.05555740192983,86.37929697453112,3.8851252474821383,46.11098186491187,58.03671330608084
2014-01-01,Engineering,All,Tamil Nadu,512.0,12.5,0.0,86100.0,20811.5,26194.0,11617.0,38986.0,24848.5,45133.5,55.05555740192983,86.37929697453112,3.8851252474821383,46.11098186491187,58.03671330608084
2015-01-01,Engineering,All,Tamil Nadu,532.0,5.0,0.0,86100.0,20811.5,26194.0,11617.0,38986.0,24848.5,45133.5,55.05555740192983,86.37929697453112,3.8851252474821383,46.11098186491187,58.03671330608084
2016-01-01,Engineering,All,Tamil Nadu,533.0,7.0,2.5,86100.0,20811.5,26194.0,11617.0,38986.0,24848.5,45133.5,55.05555740192983,86.37929697453112,3.8851252474821383,46.11098186491187,58.03671330608084
2017-01-01,Engineering,All,Tamil Nadu,527.0,1.0,2.5,86100.0,20811.5,26194.0,11617.0,38986.0,24848.5,45133.5,55.05555740192983,86.37929697453112,3.8851252474821383,46.11098186491187,58.03671330608084
2018-01-01,Engineering,All,Tamil Nadu,523.0,3.0,2.5,86100.0,20811.5,26194.0,11617.0,38986.0,24848.5,45133.5,55.05555740192983,86.37929697453112,3.8851252474821383,46.11098186491187,58.03671330608084
2019-01-01,Engineering,All,Tamil Nadu,533.0,12.5,2.5,86100.0,20811.5,26194.0,11617.0,38986.0,24848.5,45133.5,55.05555740192983,86.37929697453112,3.8851252474821383,46.11098186491187,58.03671330608084
2020-01-01,Engineering,All,Tamil Nadu,520.0,12.5,2.0,86100.0,20811.5,26194.0,11617.0,38986.0,24848.5,45133.5,55.05555740192983,86.37929697453112,3.8851252474821383,46.11098186491187,58.03671330608084
2021-01-01,Engineering,All,Tamil Nadu,506.0,5.0,2.5,86100.0,20811.5,26194.0,11617.0,38986.0,24848.5,45133.5,55.05555740192983,86.37929697453112,3.8851252474821383,46.11098186491187,58.03671330608084
2013-01-01,Management,All,Tamil Nadu,412.0,11.0,0.0,36457.0,9020.0,11967.0,3040.0,16284.0,9569.0,20987.0,45.594892076047074,77.59088959832278,6.903618421052632,42.978986991947394,57.0210130080526
2014-01-01,Management,All,Tamil Nadu,409.0,0.0,0.0,37387.0,7060.0,11047.0,4144.0,17035.0,10351.0,18107.0,57.165737007787044,94.07963770917324,4.369449806949807,38.99044568398962,61.00955431601038
2015-01-01,Management,All,Tamil Nadu,382.0,1.0,2.5,34672.0,7453.0,10437.0,4894.0,14501.0,9153.0,17890.0,51.16266070430409,81.05645612073783,3.6554965263588066,41.66014533258804,58.33985466741196
2016-01-01,Management,All,Tamil Nadu,365.0,0.0,2.5,32752.0,7339.0,9435.0,4539.0,14336.0,8806.0,16774.0,52.49791343746274,85.46560152617145,3.695527649261952,43.75223560271849,56.24776439728151
2017-01-01,Management,All,Tamil Nadu,353.0,0.0,1.0,31036.0,7624.0,9523.0,4357.0,14506.0,8943.0,17147.0,52.15489590015746,84.59788884352947,3.9355060821666283,44.46258820784977,55.53741179215022
2018-01-01,Management,All,Tamil Nadu,346.0,3.0,2.5,30042.0,8636.0,9760.0,4204.0,13862.0,8728.0,18396.0,47.44509676016525,75.35333768210481,4.3758325404376786,46.94498804087845,53.05501195912154
2019-01-01,Management,All,Tamil Nadu,363.0,12.5,2.5,31797.0,8798.0,10365.0,4091.0,15015.0,10652.0,19163.0,55.58628607211814,78.35411991859313,4.684184795893424,45.91139174450765,54.08860825549235
2020-01-01,Management,All,Tamil Nadu,358.0,2.0,0.0,31254.0,8838.0,10368.0,3862.0,11668.0,10294.0,19206.0,53.59783401020515,60.75184838071436,4.973070947695494,46.01686972820993,53.98313027179007
2021-01-01,Management,All,Tamil Nadu,350.0,2.0,0.0,29786.0,7580.0,9888.0,3980.0,13059.0,7725.0,17468.0,44.223723379894665,74.75956033890543,4.38894472361809,43.39363407373483,56.60636592626517
2013-01-01,Pharmacy,All,Tamil Nadu,39.0,0.0,0.0,2370.0,1041.0,1001.0,396.0,960.0,629.0,2042.0,30.80313418217434,47.01273261508325,5.156565656565657,50.9794319294809,49.0205680705191
2014-01-01,Pharmacy,All,Tamil Nadu,39.0,0.0,0.0,2466.0,1072.0,1085.0,468.0,951.0,607.0,2157.0,28.140936485859992,44.08901251738526,4.608974358974359,49.698655540101996,50.30134445989801
2015-01-01,Pharmacy,All,Tamil Nadu,39.0,0.0,0.0,2660.0,1025.0,1205.0,539.0,1067.0,733.0,2230.0,32.869955156950674,47.847533632286996,4.137291280148423,45.964125560538115,54.035874439461885
2016-01-01,Pharmacy,All,Tamil Nadu,40.0,1.0,0.0,2723.0,1086.0,1296.0,558.0,1242.0,718.0,2382.0,30.142737195633924,52.141057934508815,4.268817204301075,45.5919395465995,54.40806045340051
2017-01-01,Pharmacy,All,Tamil Nadu,42.0,1.0,0.0,2948.0,1077.0,1515.0,807.0,1600.0,1030.0,2592.0,39.73765432098765,61.72839506172839,3.2118959107806693,41.550925925925924,58.44907407407407
2018-01-01,Pharmacy,All,Tamil Nadu,51.0,8.0,0.0,3508.0,1318.0,1986.0,793.0,1710.0,1270.0,3304.0,38.43825665859564,51.75544794188862,4.166456494325347,39.8910411622276,60.1089588377724
2019-01-01,Pharmacy,All,Tamil Nadu,65.0,12.5,0.0,4978.0,1557.0,2174.0,1068.0,523.0,1285.0,3731.0,34.44116858751005,14.017689627445726,3.493445692883895,41.731439292414905,58.268560707585095
2020-01-01,Pharmacy,All,Tamil Nadu,81.0,12.0,0.0,6504.0,876.0,1220.0,1651.0,454.0,543.0,2096.0,25.906488549618324,21.660305343511453,1.269533615990309,41.79389312977099,58.206106870229014
2021-01-01,Pharmacy,All,Tamil Nadu,16.0,0.0,0.0,1160.0,318.0,417.0,482.0,1508.0,160.0,735.0,21.768707482993197,205.17006802721087,1.5248962655601659,43.26530612244898,56.734693877551024
2013-01-01,Pharmacy,Government,Uttar Pradesh,1.0,0.0,0.0,60.0,28.0,16.0,0.0,23.0,12.0,44.0,27.27272727272727,52.27272727272727,inf,63.63636363636363,36.36363636363637
2014-01-01,Pharmacy,Government,Uttar Pradesh,1.0,0.0,0.0,60.0,1.0,56.0,36.0,31.0,14.0,57.0,24.561403508771928,54.385964912280706,1.5833333333333333,1.7543859649122806,98.24561403508771
2015-01-01,Pharmacy,Government,Uttar Pradesh,1.0,0.0,0.0,60.0,16.0,42.0,19.0,28.0,8.0,58.0,13.793103448275861,48.275862068965516,3.0526315789473686,27.586206896551722,72.41379310344827
2016-01-01,Pharmacy,Government,Uttar Pradesh,4.0,2.0,0.0,240.0,88.0,132.0,20.0,142.0,28.0,220.0,12.727272727272727,64.54545454545455,11.0,40.0,60.0
2017-01-01,Pharmacy,Government,Uttar Pradesh,4.0,0.0,0.0,240.0,84.0,155.0,44.0,98.0,26.0,239.0,10.87866108786611,41.00418410041841,5.431818181818182,35.146443514644346,64.85355648535564
2018-01-01,Pharmacy,Government,Uttar Pradesh,4.0,0.0,0.0,240.0,63.0,167.0,39.0,157.0,73.0,230.0,31.73913043478261,68.26086956521739,5.897435897435898,27.391304347826086,72.60869565217392
2019-01-01,Pharmacy,Government,Uttar Pradesh,4.0,0.0,0.0,240.0,56.0,124.0,38.0,174.0,72.0,180.0,40.0,96.66666666666667,4.7368421052631575,31.11111111111111,68.88888888888889
2020-01-01,Pharmacy,Government,Uttar Pradesh,4.0,1.0,0.0,240.0,74.0,157.0,33.0,56.0,57.0,231.0,24.675324675324674,24.242424242424242,7.0,32.03463203463203,67.96536796536796
2021-01-01,Pharmacy,Government,Uttar Pradesh,4.0,1.0,0.0,280.0,101.0,193.0,31.0,118.0,46.0,294.0,15.646258503401361,40.136054421768705,9.483870967741936,34.35374149659864,65.64625850340136
2013-01-01,Pharmacy,Private,Uttar Pradesh,102.0,2.0,0.0,8580.0,1523.0,4109.0,1398.0,2887.0,1484.0,5632.0,26.349431818181817,51.26065340909091,4.028612303290415,27.04190340909091,72.9580965909091
2014-01-01,Pharmacy,Private,Uttar Pradesh,100.0,0.0,2.0,8940.0,1129.0,5236.0,1701.0,2977.0,1604.0,6365.0,25.200314218381774,46.771406127258444,3.7419165196942976,17.737627651217597,82.2623723487824
2015-01-01,Pharmacy,Private,Uttar Pradesh,99.0,0.0,0.0,9360.0,1174.0,5601.0,2072.0,2972.0,1559.0,6775.0,23.011070110701105,43.867158671586715,3.2697876447876446,17.32841328413284,82.67158671586716
2016-01-01,Pharmacy,Private,Uttar Pradesh,99.0,2.0,0.0,9348.0,1096.0,4814.0,2134.0,3388.0,1591.0,5910.0,26.920473773265652,57.32656514382403,2.7694470477975632,18.544839255499156,81.45516074450084
2017-01-01,Pharmacy,Private,Uttar Pradesh,99.0,0.0,0.0,9160.0,1098.0,5082.0,1902.0,3824.0,2209.0,6180.0,35.74433656957929,61.87702265372168,3.2492113564668768,17.766990291262136,82.23300970873785
2018-01-01,Pharmacy,Private,Uttar Pradesh,106.0,6.0,0.0,9194.0,1263.0,5846.0,2347.0,4660.0,2350.0,7109.0,33.056688704459134,65.55071036714024,3.0289731572219853,17.766211844141232,82.23378815585876
2019-01-01,Pharmacy,Private,Uttar Pradesh,148.0,10.0,0.0,12049.0,1716.0,7578.0,2523.0,4546.0,2606.0,9294.0,28.039595437916937,48.91327738325801,3.683709869203329,18.463524854744996,81.53647514525501
2020-01-01,Pharmacy,Private,Uttar Pradesh,339.0,10.0,0.0,25479.0,2218.0,9883.0,4984.0,2181.0,2348.0,12101.0,19.403355094620277,18.02330385918519,2.427969502407705,18.329063713742666,81.67093628625733
2021-01-01,Pharmacy,Private,Uttar Pradesh,167.0,1.0,0.0,13150.0,1003.0,3977.0,5422.0,3310.0,1076.0,4980.0,21.606425702811244,66.46586345381526,0.9184802655846551,20.140562248995984,79.85943775100401
2013-01-01,Engineering,Government,Uttar Pradesh,13.0,0.0,0.0,3803.0,1137.0,2363.0,764.0,2912.0,985.0,3500.0,28.142857142857142,83.2,4.5811518324607325,32.48571428571429,67.51428571428572
2014-01-01,Engineering,Government,Uttar Pradesh,16.0,0.0,0.0,4663.0,888.0,3023.0,1007.0,3363.0,1416.0,3911.0,36.205574021989264,85.9882383022245,3.8838133068520357,22.70519048836615,77.29480951163386
2015-01-01,Engineering,Government,Uttar Pradesh,15.0,0.0,0.0,4518.0,708.0,3320.0,969.0,3372.0,1533.0,4028.0,38.058589870903674,83.71400198609732,4.1568627450980395,17.576961271102284,82.42303872889771
2016-01-01,Engineering,Government,Uttar Pradesh,19.0,0.0,0.0,5918.0,862.0,4151.0,913.0,4507.0,1843.0,5013.0,36.76441252742869,89.90624376620787,5.490690032858708,17.195292240175544,82.80470775982445
2017-01-01,Engineering,Government,Uttar Pradesh,23.0,4.0,0.0,6758.0,1019.0,4670.0,1104.0,5759.0,1657.0,5689.0,29.126384250307613,101.23044471787661,5.153079710144928,17.911759535946565,82.08824046405344
2018-01-01,Engineering,Government,Uttar Pradesh,23.0,1.0,0.0,6778.0,1151.0,4585.0,987.0,5475.0,1702.0,5736.0,29.672245467224545,95.44979079497908,5.811550151975684,20.066248256624824,79.93375174337517
2019-01-01,Engineering,Government,Uttar Pradesh,26.0,2.0,0.0,7368.0,1383.0,5539.0,1159.0,6189.0,1901.0,6922.0,27.463160936145627,89.41057497832996,5.972389991371872,19.979774631609363,80.02022536839064
2020-01-01,Engineering,Government,Uttar Pradesh,29.0,4.0,0.0,7807.0,1561.0,6421.0,3080.0,3672.0,1956.0,7982.0,24.50513655725382,46.003507892758705,2.5915584415584414,19.556502129792033,80.44349787020796
2021-01-01,Engineering,Government,Uttar Pradesh,30.0,0.0,0.0,8572.0,1289.0,5457.0,3393.0,5996.0,1570.0,6746.0,23.27305069670916,88.88230062259117,1.9882110226937812,19.107619329973318,80.89238067002668
2013-01-01,Engineering,Private,Uttar Pradesh,13.0,0.0,0.0,3803.0,1137.0,2363.0,764.0,2912.0,985.0,3500.0,28.142857142857142,83.2,4.5811518324607325,32.48571428571429,67.51428571428572
2014-01-01,Engineering,Private,Uttar Pradesh,16.0,0.0,0.0,4663.0,1137.0,2363.0,764.0,3363.0,1416.0,3500.0,40.457142857142856,96.08571428571429,4.5811518324607325,32.48571428571429,67.51428571428572
2015-01-01,Engineering,Private,Uttar Pradesh,15.0,0.0,0.0,4518.0,708.0,3320.0,969.0,3372.0,1533.0,4028.0,38.058589870903674,83.71400198609732,4.1568627450980395,17.576961271102284,82.42303872889771
2016-01-01,Engineering,Private,Uttar Pradesh,19.0,0.0,0.0,5918.0,862.0,4151.0,913.0,4507.0,1843.0,5013.0,36.76441252742869,89.90624376620787,5.490690032858708,17.195292240175544,82.80470775982445
2017-01-01,Engineering,Private,Uttar Pradesh,23.0,4.0,0.0,6758.0,1019.0,4670.0,1104.0,5759.0,1657.0,5689.0,29.126384250307613,101.23044471787661,5.153079710144928,17.911759535946565,82.08824046405344
2018-01-01,Engineering,Private,Uttar Pradesh,23.0,1.0,0.0,6778.0,1151.0,4585.0,987.0,5475.0,1702.0,5736.0,29.672245467224545,95.44979079497908,5.811550151975684,20.066248256624824,79.93375174337517
2019-01-01,Engineering,Private,Uttar Pradesh,26.0,2.0,0.0,7368.0,1383.0,5539.0,1159.0,6189.0,1901.0,6922.0,27.463160936145627,89.41057497832996,5.972389991371872,19.979774631609363,80.02022536839064
2020-01-01,Engineering,Private,Uttar Pradesh,29.0,4.0,0.0,7807.0,1561.0,6421.0,3080.0,3672.0,1956.0,7982.0,24.50513655725382,46.003507892758705,2.5915584415584414,19.556502129792033,80.44349787020796
2021-01-01,Engineering,Private,Uttar Pradesh,30.0,4.0,0.0,8572.0,1561.0,6421.0,3080.0,5996.0,1570.0,7982.0,19.669255825607618,75.11901779002757,2.5915584415584414,19.556502129792033,80.44349787020796
2013-01-01,Management,Private,Uttar Pradesh,535.0,10.0,1.0,65310.0,9897.0,23465.0,5757.0,22364.0,14307.0,33362.0,42.8841196570949,67.0343504586056,5.795032134792427,29.665487680594687,70.3345123194053
2014-01-01,Management,Private,Uttar Pradesh,528.0,3.0,7.5,69720.0,10657.0,26323.0,7315.0,25048.0,16072.0,36980.0,43.461330448891296,67.73391022174148,5.055365686944635,28.818280151433207,71.1817198485668
2015-01-01,Management,Private,Uttar Pradesh,514.0,10.0,7.0,72569.0,15159.0,32002.0,8964.0,28019.0,17450.0,47161.0,37.000911770318694,59.411378045418886,5.261155734047301,32.1430843281525,67.8569156718475
2016-01-01,Management,Private,Uttar Pradesh,502.0,8.0,7.5,71021.0,14907.0,28432.0,9068.0,29252.0,17051.0,43339.0,39.3433166432082,67.4957890122061,4.779333921482135,34.39627125683564,65.60372874316435
2017-01-01,Management,Private,Uttar Pradesh,488.0,10.0,7.5,68717.0,13250.0,24626.0,8498.0,25322.0,17220.0,37876.0,45.46414616115746,66.85500052803887,4.457048717345257,34.98257471749921,65.0174252825008
2018-01-01,Management,Private,Uttar Pradesh,468.0,10.0,6.0,65140.0,9484.0,16799.0,8910.0,22179.0,16703.0,26283.0,63.550584027698505,84.38534413879694,2.94983164983165,36.08416086443709,63.91583913556291
2019-01-01,Management,Private,Uttar Pradesh,393.0,3.0,7.5,52158.0,8328.0,12939.0,6241.0,17541.0,12937.0,21267.0,60.83133493205436,82.47989843419383,3.407626982855312,39.15926082663282,60.84073917336718
2020-01-01,Management,Private,Uttar Pradesh,364.0,2.0,7.5,45735.0,7471.0,11344.0,5776.0,11615.0,10853.0,18815.0,57.68269997342546,61.73266011161308,3.2574445983379503,39.707680042519264,60.292319957480736
2021-01-01,Management,Private,Uttar Pradesh,343.0,3.0,5.0,37764.0,5803.0,9515.0,5368.0,7552.0,7914.0,15318.0,51.664708186447314,49.30147538843191,2.8535767511177346,37.88353570962267,62.11646429037734
2013-01-01,Management,Government,Uttar Pradesh,21.0,1.0,0.0,1890.0,603.0,656.0,83.0,1071.0,425.0,1259.0,33.756949960285944,85.06751389992058,15.168674698795181,47.895154884829225,52.104845115170775
2014-01-01,Management,Government,Uttar Pradesh,22.0,0.0,0.0,2010.0,434.0,678.0,141.0,1101.0,422.0,1112.0,37.94964028776979,99.01079136690647,7.886524822695035,39.02877697841727,60.97122302158273
2015-01-01,Management,Government,Uttar Pradesh,25.0,2.0,0.0,2280.0,463.0,586.0,126.0,1037.0,474.0,1049.0,45.185891325071495,98.8560533841754,8.325396825396826,44.13727359389895,55.86272640610105
2016-01-01,Management,Government,Uttar Pradesh,30.0,0.0,0.0,2700.0,649.0,851.0,147.0,1425.0,622.0,1500.0,41.46666666666667,95.0,10.204081632653061,43.266666666666666,56.733333333333334
2017-01-01,Management,Government,Uttar Pradesh,29.0,0.0,0.0,2580.0,592.0,970.0,148.0,1233.0,625.0,1562.0,40.01280409731114,78.93725992317542,10.554054054054054,37.900128040973115,62.099871959026885
2018-01-01,Management,Government,Uttar Pradesh,29.0,1.0,0.0,2700.0,603.0,913.0,131.0,1400.0,670.0,1516.0,44.19525065963061,92.34828496042216,11.572519083969466,39.775725593667545,60.224274406332455
2019-01-01,Management,Government,Uttar Pradesh,27.0,0.0,0.0,2580.0,673.0,804.0,128.0,1201.0,725.0,1477.0,49.08598510494245,81.31347325660123,11.5390625,45.56533513879486,54.43466486120515
2020-01-01,Management,Government,Uttar Pradesh,23.0,0.0,0.0,1827.0,473.0,675.0,176.0,894.0,604.0,1148.0,52.613240418118465,77.87456445993031,6.5227272727272725,41.20209059233449,58.79790940766551
2021-01-01,Management,Government,Uttar Pradesh,20.0,0.0,0.0,1920.0,506.0,787.0,202.0,995.0,371.0,1293.0,28.692962103634954,76.95282289249806,6.400990099009901,39.1337973704563,60.8662026295437
2013-01-01,Engineering,All,Uttar Pradesh,318.0,10.0,0.0,145312.0,19527.0,38453.0,14456.5,49867.0,21734.0,60457.5,35.94922052681636,82.48273580614482,4.182028845156158,32.2987222428979,63.60335773063722
2014-01-01,Engineering,All,Uttar Pradesh,321.0,2.0,1.0,154491.0,10757.0,38453.0,14456.5,51117.0,24387.0,60457.5,40.337427118223545,84.55030393251458,4.182028845156158,17.792664268287638,63.60335773063722
2015-01-01,Engineering,All,Uttar Pradesh,303.0,0.0,3.0,152756.0,10348.0,38453.0,14456.5,51117.0,24623.0,60457.5,40.72778398048216,84.55030393251458,4.182028845156158,17.116155977339453,63.60335773063722
2016-01-01,Engineering,All,Uttar Pradesh,300.0,0.0,5.0,148792.0,9871.0,38453.0,14456.5,51117.0,28637.0,60457.5,47.367158747880744,84.55030393251458,4.182028845156158,16.327171980316752,63.60335773063722
2017-01-01,Engineering,All,Uttar Pradesh,296.0,5.0,5.0,142972.0,8435.0,38453.0,14456.5,51117.0,27584.0,51696.0,53.35809346951408,98.87999071494893,3.5759692871718602,16.316542865985763,74.3829309811204
2018-01-01,Engineering,All,Uttar Pradesh,284.0,2.0,2.0,125967.0,7635.0,37008.0,14456.5,49404.0,24436.0,44643.0,54.736464843312504,110.66460587326121,3.0880918617922735,17.10234527249513,82.89765472750487
2019-01-01,Engineering,All,Uttar Pradesh,252.0,4.0,5.0,103645.0,9144.0,38238.0,14456.5,48449.0,25674.0,47382.0,54.18513359503609,102.25191000801992,3.2775568083561026,19.29846777257186,80.70153222742815
2020-01-01,Engineering,All,Uttar Pradesh,243.0,5.0,3.0,95359.0,9163.0,36774.0,14456.5,33262.0,26443.0,45937.0,57.563619740078806,72.40786294272591,3.1776017708297304,19.94688377560572,80.05311622439429
2021-01-01,Engineering,All,Uttar Pradesh,234.0,0.0,1.0,89388.0,7465.0,31682.0,14456.5,38520.0,20740.0,39147.0,52.97979410938258,98.39834470074335,2.707916854010307,19.069149615551638,80.93085038444836
2013-01-01,Management,All,Uttar Pradesh,556.0,10.0,1.0,67200.0,10500.0,24121.0,5840.0,23435.0,14732.0,34621.0,42.552208197336874,67.69013026775656,5.928253424657535,30.32841339071662,69.67158660928338
2014-01-01,Management,All,Uttar Pradesh,550.0,3.0,7.5,71730.0,11091.0,27001.0,7456.0,26149.0,16494.0,38092.0,43.30043053659561,68.64695999159929,5.108905579399142,29.11634988974063,70.88365011025938
2015-01-01,Management,All,Uttar Pradesh,539.0,10.0,7.0,74849.0,15622.0,32588.0,9090.0,29056.0,17924.0,48210.0,37.17900850445965,60.26965359883841,5.303630363036303,32.404065546567104,67.59593445343289
2016-01-01,Management,All,Uttar Pradesh,532.0,8.0,7.5,73721.0,15556.0,29283.0,9215.0,30677.0,17673.0,44839.0,39.41434911572515,68.4158879546823,4.86587086272382,34.69301277905395,65.30698722094606
2017-01-01,Management,All,Uttar Pradesh,517.0,10.0,7.5,71297.0,13842.0,25596.0,8646.0,26555.0,17845.0,39438.0,45.24823774025052,67.33353618337644,4.561415683553088,35.09812870835235,64.90187129164765
2018-01-01,Management,All,Uttar Pradesh,497.0,10.0,6.0,67840.0,10087.0,17712.0,9041.0,23579.0,17373.0,27799.0,62.49505377891291,84.81959782725997,3.0747704899900454,36.28547789488831,63.71452210511169
2019-01-01,Management,All,Uttar Pradesh,420.0,3.0,7.5,54738.0,9001.0,13743.0,6369.0,18742.0,13662.0,22744.0,60.06858951811467,82.40415054519873,3.571047260166431,39.57527259936687,60.42472740063314
2020-01-01,Management,All,Uttar Pradesh,387.0,2.0,7.5,47562.0,7944.0,12019.0,5952.0,12509.0,11457.0,19963.0,57.391173671291895,62.66092270700796,3.3539986559139785,39.79361819365827,60.20638180634174
2021-01-01,Management,All,Uttar Pradesh,363.0,3.0,5.0,39684.0,6309.0,10302.0,5570.0,8382.0,8285.0,16611.0,49.8765878032629,50.46053819757992,2.9822262118491922,37.98085605923786,62.01914394076214
2013-01-01,Pharmacy,All,Uttar Pradesh,102.0,2.0,0.0,8580.0,1523.0,4109.0,1417.0,2887.0,1484.0,5632.0,26.349431818181817,51.26065340909091,3.9745942131263234,27.04190340909091,72.9580965909091
2014-01-01,Pharmacy,All,Uttar Pradesh,101.0,0.0,2.0,9000.0,1130.0,5292.0,1737.0,2977.0,1604.0,6422.0,24.976642790407972,46.35627530364373,3.6971790443293036,17.59576455932731,82.4042354406727
2015-01-01,Pharmacy,All,Uttar Pradesh,100.0,0.0,0.0,9420.0,1190.0,5643.0,2091.0,2972.0,1559.0,6833.0,22.815747109615103,43.49480462461584,3.2678144428503106,17.415483682130837,82.58451631786916
2016-01-01,Pharmacy,All,Uttar Pradesh,103.0,4.0,0.0,9588.0,1184.0,4946.0,2154.0,3530.0,1619.0,6130.0,26.411092985318106,57.58564437194127,2.8458681522748375,19.31484502446982,80.68515497553018
2017-01-01,Pharmacy,All,Uttar Pradesh,103.0,0.0,0.0,9400.0,1182.0,5237.0,1946.0,3922.0,2235.0,6419.0,34.81850755569403,61.09985979124474,3.2985611510791366,18.414083190528117,81.58591680947188
2018-01-01,Pharmacy,All,Uttar Pradesh,110.0,6.0,0.0,9434.0,1326.0,6013.0,2386.0,4817.0,2423.0,7339.0,33.01539719307808,65.63564518326747,3.075859178541492,18.067856656220194,81.93214334377981
2019-01-01,Pharmacy,All,Uttar Pradesh,152.0,10.0,0.0,12289.0,1772.0,7702.0,2561.0,4720.0,2678.0,9474.0,28.26683554992611,49.82056153683766,3.6993361967981255,18.703820983744986,81.29617901625501
2020-01-01,Pharmacy,All,Uttar Pradesh,343.0,10.0,0.0,25719.0,2292.0,10040.0,5017.0,2237.0,2405.0,12332.0,19.50210833603633,18.13979889717807,2.4580426549730916,18.58579305870905,81.41420694129094
2021-01-01,Pharmacy,All,Uttar Pradesh,171.0,1.0,0.0,13430.0,1104.0,4170.0,5453.0,3384.0,1122.0,5274.0,21.274175199089875,64.16382252559727,0.9671740326425821,20.932878270762227,79.06712172923777
2013-01-01,Pharmacy,Government,Uttarakhand,3.0,0.0,0.0,240.0,74.0,157.0,0.0,56.0,57.0,231.0,24.675324675324674,24.242424242424242,inf,32.03463203463203,67.96536796536796
2014-01-01,Pharmacy,Government,Uttarakhand,3.0,0.0,0.0,240.0,74.0,157.0,0.0,56.0,57.0,231.0,24.675324675324674,24.242424242424242,inf,32.03463203463203,67.96536796536796
2015-01-01,Pharmacy,Government,Uttarakhand,3.0,0.0,0.0,240.0,74.0,157.0,0.0,56.0,57.0,231.0,24.675324675324674,24.242424242424242,inf,32.03463203463203,67.96536796536796
2016-01-01,Pharmacy,Government,Uttarakhand,1.0,0.0,0.0,30.0,18.0,11.0,11.0,31.0,15.0,29.0,51.724137931034484,106.89655172413792,2.6363636363636362,62.06896551724138,37.93103448275862
2017-01-01,Pharmacy,Government,Uttarakhand,1.0,0.0,0.0,30.0,17.0,11.0,9.0,32.0,30.0,28.0,107.14285714285714,114.28571428571428,3.111111111111111,60.71428571428571,39.285714285714285
2018-01-01,Pharmacy,Government,Uttarakhand,1.0,0.0,0.0,30.0,19.0,8.0,15.0,33.0,33.0,27.0,122.22222222222223,122.22222222222223,1.8,70.37037037037037,29.629629629629626
2019-01-01,Pharmacy,Government,Uttarakhand,1.0,0.0,0.0,30.0,11.0,16.0,20.0,35.0,5.0,27.0,18.51851851851852,129.62962962962962,1.35,40.74074074074074,59.25925925925925
2020-01-01,Pharmacy,Government,Uttarakhand,1.0,0.0,0.0,30.0,20.0,10.0,39.0,29.0,7.0,30.0,23.333333333333332,96.66666666666667,0.7692307692307693,66.66666666666666,33.33333333333333
2021-01-01,Pharmacy,Government,Uttarakhand,1.0,0.0,0.0,30.0,13.0,22.0,42.0,18.0,5.0,35.0,14.285714285714285,51.42857142857142,0.8333333333333334,37.142857142857146,62.857142857142854
2013-01-01,Pharmacy,Private,Uttarakhand,16.0,0.0,0.0,9701.0,270.0,519.0,142.0,533.0,157.0,789.0,19.898605830164765,67.55386565272497,5.556338028169014,34.22053231939163,65.77946768060836
2014-01-01,Pharmacy,Private,Uttarakhand,16.0,0.0,0.0,1059.0,238.0,551.0,216.0,487.0,170.0,789.0,21.546261089987325,61.72370088719899,3.6527777777777777,30.164765525982258,69.83523447401775
2015-01-01,Pharmacy,Private,Uttarakhand,15.0,0.0,0.0,999.0,225.0,600.0,281.0,555.0,195.0,825.0,23.636363636363637,67.27272727272727,2.9359430604982206,27.27272727272727,72.72727272727273
2016-01-01,Pharmacy,Private,Uttarakhand,14.0,0.0,0.0,966.0,200.0,608.0,266.0,597.0,199.0,808.0,24.628712871287128,73.88613861386139,3.037593984962406,24.752475247524753,75.24752475247524
2017-01-01,Pharmacy,Private,Uttarakhand,14.0,0.0,0.0,946.0,208.0,626.0,209.0,524.0,219.0,834.0,26.258992805755394,62.829736211031175,3.9904306220095696,24.940047961630697,75.0599520383693
2018-01-01,Pharmacy,Private,Uttarakhand,14.0,0.0,0.0,946.0,193.0,721.0,323.0,512.0,257.0,914.0,28.118161925601747,56.01750547045952,2.829721362229102,21.11597374179431,78.88402625820568
2019-01-01,Pharmacy,Private,Uttarakhand,14.0,0.0,0.0,980.0,134.0,735.0,317.0,671.0,216.0,869.0,24.856156501726122,77.21518987341773,2.7413249211356465,15.420023014959725,84.57997698504028
2020-01-01,Pharmacy,Private,Uttarakhand,22.0,0.0,0.0,1565.0,180.0,866.0,536.0,349.0,230.0,1046.0,21.988527724665392,33.365200764818354,1.9514925373134329,17.208413001912046,82.79158699808795
2021-01-01,Pharmacy,Private,Uttarakhand,20.0,0.0,0.0,1420.0,153.0,788.0,609.0,528.0,159.0,941.0,16.896918172157278,56.11052072263549,1.5451559934318555,16.259298618490966,83.74070138150903
2013-01-01,Engineering,Government,Uttarakhand,4.0,0.0,0.0,1575.0,401.0,1082.0,206.0,1197.0,447.0,1483.0,30.1416048550236,80.71476736345247,7.199029126213592,27.039784221173296,72.9602157788267
2014-01-01,Engineering,Government,Uttarakhand,4.0,0.0,0.0,1575.0,368.0,1105.0,352.0,1499.0,383.0,1473.0,26.001357773251865,101.76510522742701,4.184659090909091,24.983027834351663,75.01697216564833
2015-01-01,Engineering,Government,Uttarakhand,4.0,0.0,0.0,1635.0,387.0,1094.0,351.0,1519.0,405.0,1481.0,27.34638757596219,102.56583389601622,4.219373219373219,26.13099257258609,73.86900742741392
2016-01-01,Engineering,Government,Uttarakhand,7.0,0.0,0.0,2535.0,522.0,1353.0,411.0,1487.0,540.0,1875.0,28.799999999999997,79.30666666666667,4.562043795620438,27.839999999999996,72.16
2017-01-01,Engineering,Government,Uttarakhand,7.0,0.0,0.0,2535.0,491.0,1404.0,382.0,1746.0,454.0,1895.0,23.957783641160947,92.13720316622691,4.960732984293194,25.91029023746702,74.08970976253299
2018-01-01,Engineering,Government,Uttarakhand,7.0,0.0,0.0,2490.0,311.0,1127.0,443.0,1784.0,453.0,1438.0,31.50208623087622,124.06119610570236,3.2460496613995486,21.627260083449233,78.37273991655076
2019-01-01,Engineering,Government,Uttarakhand,7.0,0.0,0.0,2490.0,299.0,1107.0,406.0,1634.0,494.0,1406.0,35.13513513513514,116.21621621621621,3.4630541871921183,21.26600284495021,78.73399715504978
2020-01-01,Engineering,Government,Uttarakhand,8.0,0.0,0.0,2725.0,295.0,1233.0,1018.0,1474.0,631.0,1528.0,41.29581151832461,96.46596858638743,1.50098231827112,19.30628272251309,80.69371727748691
2021-01-01,Engineering,Government,Uttarakhand,7.0,0.0,0.0,2175.0,333.0,1233.0,1103.0,1538.0,256.0,1566.0,16.347381864623244,98.21200510855684,1.4197642792384406,21.26436781609195,78.73563218390804
2013-01-01,Engineering,Private,Uttarakhand,13.0,0.0,0.0,3803.0,1561.0,2556.0,1221.0,2912.0,985.0,3851.5,25.574451512397765,75.60690640010385,3.1543816543816545,40.52966376736337,66.36375438140985
2014-01-01,Engineering,Private,Uttarakhand,4.0,0.0,0.0,1575.0,368.0,1105.0,352.0,1499.0,383.0,1473.0,26.001357773251865,101.76510522742701,4.184659090909091,24.983027834351663,75.01697216564833
2015-01-01,Engineering,Private,Uttarakhand,4.0,0.0,0.0,1635.0,387.0,1094.0,351.0,1519.0,405.0,1481.0,27.34638757596219,102.56583389601622,4.219373219373219,26.13099257258609,73.86900742741392
2016-01-01,Engineering,Private,Uttarakhand,7.0,0.0,0.0,2535.0,522.0,1353.0,411.0,1487.0,540.0,1875.0,28.799999999999997,79.30666666666667,4.562043795620438,27.839999999999996,72.16
2017-01-01,Engineering,Private,Uttarakhand,7.0,0.0,0.0,2535.0,491.0,1404.0,382.0,1746.0,454.0,1895.0,23.957783641160947,92.13720316622691,4.960732984293194,25.91029023746702,74.08970976253299
2018-01-01,Engineering,Private,Uttarakhand,7.0,0.0,0.0,2490.0,311.0,1127.0,443.0,1784.0,453.0,1438.0,31.50208623087622,124.06119610570236,3.2460496613995486,21.627260083449233,78.37273991655076
2019-01-01,Engineering,Private,Uttarakhand,7.0,0.0,0.0,2490.0,299.0,1107.0,406.0,1634.0,494.0,1406.0,35.13513513513514,116.21621621621621,3.4630541871921183,21.26600284495021,78.73399715504978
2020-01-01,Engineering,Private,Uttarakhand,8.0,0.0,0.0,2725.0,295.0,1233.0,1018.0,1474.0,631.0,1528.0,41.29581151832461,96.46596858638743,1.50098231827112,19.30628272251309,80.69371727748691
2021-01-01,Engineering,Private,Uttarakhand,7.0,0.0,0.0,2175.0,333.0,1233.0,1103.0,1589.0,256.0,1566.0,16.347381864623244,101.46871008939975,1.4197642792384406,21.26436781609195,78.73563218390804
2013-01-01,Management,Private,Uttarakhand,50.0,0.0,0.0,6150.0,1050.0,1552.0,482.0,1862.0,874.0,2602.0,33.58954650269024,71.56033820138356,5.398340248962656,40.35357417371253,59.64642582628748
2014-01-01,Management,Private,Uttarakhand,48.0,0.0,0.0,6360.0,792.0,1452.0,612.0,2052.0,1038.0,2244.0,46.25668449197861,91.44385026737967,3.6666666666666665,35.294117647058826,64.70588235294117
2015-01-01,Management,Private,Uttarakhand,41.0,0.0,0.0,5580.0,976.0,1512.0,765.0,1676.0,937.0,2488.0,37.660771704180064,67.36334405144694,3.2522875816993464,39.228295819935695,60.77170418006431
2016-01-01,Management,Private,Uttarakhand,36.0,0.0,0.0,4560.0,823.0,1340.0,584.0,1986.0,1204.0,2163.0,55.663430420711975,91.81692094313453,3.703767123287671,38.04900601017106,61.95099398982894
2017-01-01,Management,Private,Uttarakhand,37.0,0.0,0.0,4500.0,662.0,1106.0,534.0,1466.0,860.0,1768.0,48.64253393665158,82.9185520361991,3.310861423220974,37.44343891402715,62.55656108597285
2018-01-01,Management,Private,Uttarakhand,35.0,0.0,0.0,3870.0,740.0,955.0,571.0,1401.0,818.0,1695.0,48.25958702064897,82.65486725663716,2.968476357267951,43.657817109144545,56.342182890855455
2019-01-01,Management,Private,Uttarakhand,32.0,0.0,0.0,3303.0,826.0,973.0,449.0,1422.0,1045.0,1799.0,58.08782657031685,79.04391328515842,4.006681514476615,45.91439688715953,54.08560311284047
2020-01-01,Management,Private,Uttarakhand,31.0,0.0,0.0,3075.0,767.0,909.0,414.0,802.0,789.0,1676.0,47.0763723150358,47.85202863961814,4.048309178743962,45.76372315035799,54.23627684964201
2021-01-01,Management,Private,Uttarakhand,30.0,0.0,0.0,2950.0,694.0,855.0,374.0,1130.0,622.0,1549.0,40.15493867010974,72.95029051000645,4.141711229946524,44.8030987734022,55.1969012265978
2013-01-01,Management,Government,Uttarakhand,10.0,0.0,0.0,690.0,284.0,274.0,65.0,354.0,173.0,558.0,31.00358422939068,63.44086021505376,8.584615384615384,50.89605734767025,49.10394265232975
2014-01-01,Management,Government,Uttarakhand,11.0,0.0,0.0,810.0,297.0,253.0,75.0,400.0,205.0,550.0,37.27272727272727,72.72727272727273,7.333333333333333,54.0,46.0
2015-01-01,Management,Government,Uttarakhand,11.0,0.0,0.0,810.0,283.0,262.0,83.0,358.0,156.0,545.0,28.623853211009177,65.68807339449542,6.566265060240964,51.92660550458715,48.07339449541285
2016-01-01,Management,Government,Uttarakhand,8.0,0.0,0.0,530.0,211.0,159.0,55.0,274.0,131.0,370.0,35.4054054054054,74.05405405405405,6.7272727272727275,57.027027027027025,42.972972972972975
2017-01-01,Management,Government,Uttarakhand,8.0,0.0,0.0,550.0,206.0,110.0,60.0,291.0,112.0,316.0,35.44303797468354,92.08860759493672,5.266666666666667,65.18987341772153,34.810126582278485
2018-01-01,Management,Government,Uttarakhand,9.0,0.0,0.0,590.0,182.0,137.0,47.0,279.0,127.0,319.0,39.811912225705335,87.46081504702194,6.787234042553192,57.05329153605015,42.94670846394985
2019-01-01,Management,Government,Uttarakhand,7.0,0.0,0.0,510.0,107.0,111.0,56.0,231.0,140.0,218.0,64.22018348623854,105.96330275229357,3.892857142857143,49.08256880733945,50.917431192660544
2020-01-01,Management,Government,Uttarakhand,6.0,0.0,0.0,425.0,83.0,97.0,69.0,65.0,129.0,180.0,71.66666666666667,36.11111111111111,2.608695652173913,46.111111111111114,53.888888888888886
2021-01-01,Management,Government,Uttarakhand,4.0,0.0,0.0,345.0,60.0,98.0,66.0,109.0,30.0,158.0,18.9873417721519,68.9873417721519,2.393939393939394,37.9746835443038,62.0253164556962
2013-01-01,Engineering,All,Uttarakhand,35.0,0.0,0.0,9701.0,1584.0,2556.0,1221.0,3685.5,2087.5,3851.5,54.199662469167855,95.68999091263144,3.1543816543816545,41.1268337011554,66.36375438140985
2014-01-01,Engineering,All,Uttarakhand,35.0,0.0,0.0,9701.0,995.0,2556.0,1221.0,3685.5,2087.5,3851.5,54.199662469167855,95.68999091263144,3.1543816543816545,25.834090614046474,66.36375438140985
2015-01-01,Engineering,All,Uttarakhand,33.0,0.0,0.0,9701.0,878.0,2556.0,1221.0,3685.5,2087.5,3851.5,54.199662469167855,95.68999091263144,3.1543816543816545,22.796313124756587,66.36375438140985
2016-01-01,Engineering,All,Uttarakhand,33.0,0.0,0.0,9701.0,1064.0,2556.0,1221.0,3685.5,2087.5,3851.5,54.199662469167855,95.68999091263144,3.1543816543816545,27.625600415422564,66.36375438140985
2017-01-01,Engineering,All,Uttarakhand,31.0,0.0,0.0,9701.0,810.0,2556.0,1221.0,3685.5,2051.0,3851.5,53.25197974815007,95.68999091263144,3.1543816543816545,21.030767233545372,66.36375438140985
2018-01-01,Engineering,All,Uttarakhand,30.0,0.0,0.0,9701.0,631.0,2556.0,1221.0,3685.5,2087.5,3851.5,54.199662469167855,95.68999091263144,3.1543816543816545,16.383227314033494,66.36375438140985
2019-01-01,Engineering,All,Uttarakhand,29.0,0.0,0.0,9701.0,741.0,2556.0,1221.0,3685.5,2087.5,3851.5,54.199662469167855,95.68999091263144,3.1543816543816545,19.239257432169286,66.36375438140985
2020-01-01,Engineering,All,Uttarakhand,29.0,0.0,0.0,9701.0,880.0,2556.0,1221.0,3621.0,2087.5,3851.5,54.199662469167855,94.01531870699728,3.1543816543816545,22.848240945086328,66.36375438140985
2021-01-01,Engineering,All,Uttarakhand,28.0,0.0,0.0,8808.0,950.0,2556.0,1221.0,3685.5,2026.0,3851.5,52.60288199402831,95.68999091263144,3.1543816543816545,24.665714656627287,66.36375438140985
2013-01-01,Management,All,Uttarakhand,60.0,0.0,0.0,6840.0,1334.0,1826.0,547.0,2216.0,1047.0,3160.0,33.13291139240506,70.12658227848101,5.776965265082267,42.21518987341772,57.78481012658227
2014-01-01,Management,All,Uttarakhand,59.0,0.0,0.0,7170.0,1089.0,1705.0,687.0,2452.0,1243.0,2794.0,44.48818897637795,87.75948460987831,4.066957787481805,38.976377952755904,61.023622047244096
2015-01-01,Management,All,Uttarakhand,52.0,0.0,0.0,6390.0,1259.0,1774.0,848.0,2034.0,1093.0,3033.0,36.03692713484998,67.06231454005935,3.5766509433962264,41.510056050115395,58.489943949884605
2016-01-01,Management,All,Uttarakhand,44.0,0.0,0.0,5090.0,1034.0,1499.0,639.0,2260.0,1335.0,2533.0,52.70430319778918,89.2222660876431,3.964006259780908,40.821160679036716,59.178839320963284
2017-01-01,Management,All,Uttarakhand,45.0,0.0,0.0,5050.0,868.0,1216.0,594.0,1757.0,972.0,2084.0,46.64107485604607,84.30902111324376,3.508417508417508,41.65067178502879,58.34932821497121
2018-01-01,Management,All,Uttarakhand,44.0,0.0,0.0,4460.0,922.0,1092.0,618.0,1680.0,945.0,2014.0,46.921549155908636,83.41608738828202,3.2588996763754046,45.77954319761668,54.220456802383325
2019-01-01,Management,All,Uttarakhand,39.0,0.0,0.0,3813.0,933.0,1084.0,505.0,1653.0,1185.0,2017.0,58.75061973227565,81.95339613287061,3.994059405940594,46.25681705503223,53.74318294496777
2020-01-01,Management,All,Uttarakhand,37.0,0.0,0.0,3500.0,850.0,1006.0,483.0,867.0,918.0,1856.0,49.46120689655172,46.713362068965516,3.8426501035196687,45.797413793103445,54.202586206896555
2021-01-01,Management,All,Uttarakhand,34.0,0.0,0.0,3295.0,754.0,953.0,440.0,1290.0,652.0,1707.0,38.195664909197426,75.57117750439367,3.8795454545454544,44.171060339777384,55.82893966022261
2013-01-01,Pharmacy,All,Uttarakhand,16.0,0.0,0.0,1059.0,270.0,519.0,147.0,533.0,157.0,789.0,19.898605830164765,67.55386565272497,5.36734693877551,34.22053231939163,65.77946768060836
2014-01-01,Pharmacy,All,Uttarakhand,16.0,0.0,0.0,1059.0,238.0,551.0,221.0,487.0,170.0,789.0,21.546261089987325,61.72370088719899,3.570135746606335,30.164765525982258,69.83523447401775
2015-01-01,Pharmacy,All,Uttarakhand,15.0,0.0,0.0,999.0,225.0,600.0,287.0,555.0,195.0,825.0,23.636363636363637,67.27272727272727,2.8745644599303137,27.27272727272727,72.72727272727273
2016-01-01,Pharmacy,All,Uttarakhand,15.0,0.0,0.0,996.0,218.0,621.0,277.0,628.0,214.0,839.0,25.50655542312277,74.85101311084624,3.0288808664259927,25.98331346841478,74.01668653158522
2017-01-01,Pharmacy,All,Uttarakhand,15.0,0.0,0.0,976.0,225.0,637.0,218.0,556.0,249.0,862.0,28.886310904872392,64.50116009280742,3.9541284403669725,26.102088167053367,73.89791183294663
2018-01-01,Pharmacy,All,Uttarakhand,15.0,0.0,0.0,976.0,212.0,729.0,338.0,545.0,290.0,941.0,30.818278427205104,57.917109458023376,2.7840236686390534,22.52922422954304,77.47077577045695
2019-01-01,Pharmacy,All,Uttarakhand,15.0,0.0,0.0,1010.0,145.0,751.0,337.0,706.0,221.0,896.0,24.665178571428573,78.79464285714286,2.658753709198813,16.183035714285715,83.81696428571429
2020-01-01,Pharmacy,All,Uttarakhand,23.0,0.0,0.0,1595.0,200.0,876.0,575.0,349.0,232.0,1076.0,21.561338289962826,32.43494423791822,1.871304347826087,18.587360594795538,81.41263940520446
2021-01-01,Pharmacy,All,Uttarakhand,21.0,0.0,0.0,1450.0,166.0,810.0,651.0,453.0,164.0,976.0,16.80327868852459,46.41393442622951,1.4992319508448542,17.008196721311474,82.99180327868852
2013-01-01,Pharmacy,Government,West Bengal,1.0,0.0,0.0,120.0,16.0,59.0,1.0,58.0,0.0,75.0,0.0,77.33333333333333,75.0,21.333333333333336,78.66666666666666
2014-01-01,Pharmacy,Government,West Bengal,2.0,0.0,0.0,180.0,33.0,103.0,13.0,54.0,20.0,136.0,14.705882352941178,39.705882352941174,10.461538461538462,24.264705882352942,75.73529411764706
2015-01-01,Pharmacy,Government,West Bengal,2.0,0.0,0.0,180.0,28.0,103.0,13.0,59.0,40.0,131.0,30.53435114503817,45.038167938931295,10.076923076923077,21.374045801526716,78.62595419847328
2016-01-01,Pharmacy,Government,West Bengal,2.0,0.0,0.0,180.0,26.0,105.0,13.0,60.0,44.0,131.0,33.587786259541986,45.80152671755725,10.076923076923077,19.84732824427481,80.1526717557252
2017-01-01,Pharmacy,Government,West Bengal,2.0,0.0,0.0,180.0,26.0,120.0,14.0,59.0,22.0,146.0,15.068493150684931,40.41095890410959,10.428571428571429,17.80821917808219,82.1917808219178
2018-01-01,Pharmacy,Government,West Bengal,2.0,0.0,0.0,180.0,23.0,105.0,13.0,56.0,86.0,128.0,67.1875,43.75,9.846153846153847,17.96875,82.03125
2019-01-01,Pharmacy,Government,West Bengal,2.0,0.0,0.0,100.0,28.0,54.0,13.0,49.0,60.0,82.0,73.17073170731707,59.756097560975604,6.3076923076923075,34.146341463414636,65.85365853658537
2020-01-01,Pharmacy,Government,West Bengal,2.0,0.0,0.0,60.0,8.0,52.0,23.0,53.0,30.0,60.0,50.0,88.33333333333333,2.608695652173913,13.333333333333334,86.66666666666667
2021-01-01,Pharmacy,Government,West Bengal,1.0,0.0,0.0,60.0,7.0,55.0,26.0,48.0,37.0,62.0,59.67741935483871,77.41935483870968,2.3846153846153846,11.29032258064516,88.70967741935483
2013-01-01,Pharmacy,Private,West Bengal,10.0,0.0,0.0,726.0,231.0,485.0,143.0,463.0,333.0,716.0,46.50837988826816,64.66480446927375,5.006993006993007,32.262569832402235,67.73743016759776
2014-01-01,Pharmacy,Private,West Bengal,10.0,0.0,0.0,966.0,256.0,606.0,182.0,540.0,256.0,862.0,29.698375870069604,62.64501160092807,4.736263736263736,29.698375870069604,70.30162412993039
2015-01-01,Pharmacy,Private,West Bengal,10.0,0.0,0.0,1026.0,357.0,601.0,215.0,512.0,290.0,958.0,30.2713987473904,53.444676409185796,4.455813953488372,37.265135699373694,62.734864300626306
2016-01-01,Pharmacy,Private,West Bengal,11.0,1.0,0.0,1140.0,312.0,633.0,256.0,726.0,376.0,945.0,39.78835978835979,76.82539682539684,3.69140625,33.01587301587301,66.98412698412697
2017-01-01,Pharmacy,Private,West Bengal,11.0,0.0,0.0,1080.0,297.0,661.0,332.0,858.0,489.0,958.0,51.04384133611691,89.56158663883089,2.8855421686746987,31.002087682672236,68.99791231732777
2018-01-01,Pharmacy,Private,West Bengal,14.0,3.0,0.0,1300.0,240.0,785.0,296.0,947.0,507.0,1025.0,49.46341463414634,92.39024390243902,3.4628378378378377,23.414634146341466,76.58536585365854
2019-01-01,Pharmacy,Private,West Bengal,16.0,3.0,0.0,1380.0,294.0,885.0,353.0,773.0,414.0,1179.0,35.11450381679389,65.56403731976252,3.3399433427762037,24.93638676844784,75.06361323155217
2020-01-01,Pharmacy,Private,West Bengal,23.0,4.0,0.0,1910.0,329.0,1046.0,461.0,743.0,421.0,1375.0,30.618181818181817,54.03636363636364,2.982646420824295,23.927272727272726,76.07272727272726
2021-01-01,Pharmacy,Private,West Bengal,28.0,3.0,0.0,2260.0,270.0,930.0,570.0,976.0,463.0,1200.0,38.58333333333333,81.33333333333333,2.1052631578947367,22.5,77.5
2013-01-01,Engineering,Government,West Bengal,15.0,0.0,0.0,4183.0,531.0,2994.0,371.0,1903.0,996.0,3525.0,28.25531914893617,53.98581560283689,9.501347708894878,15.063829787234043,84.93617021276596
2014-01-01,Engineering,Government,West Bengal,15.0,0.0,0.0,4183.0,572.0,2887.0,401.0,2167.0,1089.0,3459.0,31.48308759757155,62.64816420930905,8.625935162094763,16.536571263370917,83.46342873662908
2015-01-01,Engineering,Government,West Bengal,17.0,1.0,0.0,4723.0,656.0,3137.0,499.0,3310.0,1941.0,3793.0,51.17321381492223,87.26601634590034,7.601202404809619,17.295017136831003,82.704982863169
2016-01-01,Engineering,Government,West Bengal,19.0,1.0,0.0,5103.0,555.0,3037.0,488.0,3165.0,1790.0,3592.0,49.83296213808463,88.11247216035635,7.360655737704918,15.451002227171493,84.5489977728285
2017-01-01,Engineering,Government,West Bengal,21.0,2.0,0.0,5703.0,703.0,3411.0,617.0,2749.0,1286.0,4114.0,31.259115216334465,66.82061254253767,6.667747163695299,17.08799222168206,82.91200777831794
2018-01-01,Engineering,Government,West Bengal,19.0,0.0,0.0,5303.0,695.0,3445.0,500.0,3435.0,1694.0,4140.0,40.91787439613527,82.97101449275362,8.28,16.78743961352657,83.21256038647343
2019-01-01,Engineering,Government,West Bengal,19.0,0.0,0.0,5183.0,503.0,2604.0,503.0,2688.0,1766.0,3107.0,56.83939491470872,86.5143224975861,6.176938369781312,16.18925008046347,83.81074991953653
2020-01-01,Engineering,Government,West Bengal,20.0,1.0,0.0,4983.0,600.0,2941.0,1435.0,3346.0,1511.0,3541.0,42.67156170573284,94.49308105055069,2.467595818815331,16.944365998305564,83.05563400169443
2021-01-01,Engineering,Government,West Bengal,20.0,0.0,0.0,5118.0,603.0,3014.0,1577.0,3121.0,1805.0,3617.0,49.90323472491014,86.28697815869505,2.293595434369055,16.67127453690904,83.32872546309096
2013-01-01,Engineering,Private,West Bengal,15.0,0.0,0.0,4183.0,603.0,3014.0,1577.0,1903.0,996.0,3617.0,27.53663256842687,52.61266242742605,2.293595434369055,16.67127453690904,83.32872546309096
2014-01-01,Engineering,Private,West Bengal,15.0,0.0,0.0,4183.0,572.0,2887.0,401.0,2167.0,1089.0,3459.0,31.48308759757155,62.64816420930905,8.625935162094763,16.536571263370917,83.46342873662908
2015-01-01,Engineering,Private,West Bengal,17.0,1.0,0.0,4723.0,656.0,3137.0,499.0,3310.0,1941.0,3793.0,51.17321381492223,87.26601634590034,7.601202404809619,17.295017136831003,82.704982863169
2016-01-01,Engineering,Private,West Bengal,19.0,1.0,0.0,5103.0,555.0,3037.0,488.0,3165.0,1790.0,3592.0,49.83296213808463,88.11247216035635,7.360655737704918,15.451002227171493,84.5489977728285
2017-01-01,Engineering,Private,West Bengal,21.0,2.0,0.0,5703.0,703.0,3411.0,617.0,2749.0,1286.0,4114.0,31.259115216334465,66.82061254253767,6.667747163695299,17.08799222168206,82.91200777831794
2018-01-01,Engineering,Private,West Bengal,19.0,0.0,0.0,5303.0,695.0,3445.0,500.0,3435.0,1694.0,4140.0,40.91787439613527,82.97101449275362,8.28,16.78743961352657,83.21256038647343
2019-01-01,Engineering,Private,West Bengal,19.0,0.0,0.0,5183.0,503.0,2604.0,503.0,2688.0,1766.0,3107.0,56.83939491470872,86.5143224975861,6.176938369781312,16.18925008046347,83.81074991953653
2020-01-01,Engineering,Private,West Bengal,20.0,1.0,0.0,4983.0,600.0,2941.0,1435.0,3346.0,1511.0,3541.0,42.67156170573284,94.49308105055069,2.467595818815331,16.944365998305564,83.05563400169443
2021-01-01,Engineering,Private,West Bengal,20.0,0.0,0.0,5118.0,603.0,3014.0,1577.0,2974.0,1805.0,3617.0,49.90323472491014,82.2228366049212,2.293595434369055,16.67127453690904,83.32872546309096
2013-01-01,Management,Private,West Bengal,57.0,2.0,0.0,5725.0,752.0,1504.0,453.0,1979.0,1417.0,2256.0,62.810283687943254,87.72163120567376,4.9801324503311255,33.33333333333333,66.66666666666666
2014-01-01,Management,Private,West Bengal,55.0,0.0,0.0,5875.0,655.0,1328.0,772.0,1940.0,1339.0,1983.0,67.52395360564802,97.8315683308119,2.5686528497409324,33.03076147251639,66.96923852748361
2015-01-01,Management,Private,West Bengal,54.0,2.0,0.0,5935.0,646.0,1185.0,795.0,1885.0,1406.0,1831.0,76.78864008738394,102.94920808301475,2.3031446540880505,35.28126706717641,64.7187329328236
2016-01-01,Management,Private,West Bengal,45.0,0.0,0.0,5040.0,784.0,1402.0,740.0,1700.0,1228.0,2186.0,56.17566331198536,77.7676120768527,2.954054054054054,35.86459286367795,64.13540713632206
2017-01-01,Management,Private,West Bengal,44.0,0.0,0.0,4590.0,796.0,1377.0,671.0,1807.0,1195.0,2173.0,54.99309710078233,83.15692590888173,3.238450074515648,36.631385181776345,63.368614818223655
2018-01-01,Management,Private,West Bengal,44.0,1.0,0.0,4570.0,818.0,1447.0,594.0,1805.0,1275.0,2265.0,56.29139072847682,79.69094922737307,3.813131313131313,36.11479028697572,63.88520971302428
2019-01-01,Management,Private,West Bengal,46.0,4.0,0.0,4655.0,939.0,1596.0,468.0,2012.0,1458.0,2535.0,57.514792899408285,79.36883629191321,5.416666666666667,37.0414201183432,62.9585798816568
2020-01-01,Management,Private,West Bengal,45.0,1.0,0.0,4430.0,1020.0,1461.0,523.0,1735.0,1590.0,2481.0,64.08706166868198,69.93147924224104,4.74378585086042,41.112454655380894,58.887545344619106
2021-01-01,Management,Private,West Bengal,47.0,1.0,0.0,4550.0,961.0,1417.0,568.0,1811.0,1445.0,2378.0,60.76534903280068,76.15643397813288,4.186619718309859,40.4121110176619,59.5878889823381
2013-01-01,Management,Government,West Bengal,7.0,0.0,0.0,390.0,43.0,63.0,50.0,99.0,44.0,106.0,41.509433962264154,93.39622641509435,2.12,40.56603773584906,59.43396226415094
2014-01-01,Management,Government,West Bengal,7.0,0.0,0.0,390.0,55.0,58.0,57.0,104.0,46.0,113.0,40.707964601769916,92.03539823008849,1.9824561403508771,48.67256637168141,51.32743362831859
2015-01-01,Management,Government,West Bengal,5.0,0.0,0.0,210.0,52.0,55.0,57.0,91.0,54.0,107.0,50.467289719626166,85.04672897196261,1.8771929824561404,48.598130841121495,51.4018691588785
2016-01-01,Management,Government,West Bengal,11.0,0.0,0.0,595.0,95.0,125.0,66.0,197.0,117.0,220.0,53.18181818181819,89.54545454545455,3.3333333333333335,43.18181818181818,56.81818181818182
2017-01-01,Management,Government,West Bengal,12.0,0.0,0.0,655.0,117.0,147.0,70.0,240.0,148.0,264.0,56.060606060606055,90.9090909090909,3.7714285714285714,44.31818181818182,55.68181818181818
2018-01-01,Management,Government,West Bengal,11.0,1.0,0.0,655.0,114.0,131.0,100.0,224.0,157.0,245.0,64.08163265306122,91.42857142857143,2.45,46.53061224489796,53.46938775510204
2019-01-01,Management,Government,West Bengal,9.0,0.0,0.0,415.0,112.0,137.0,23.0,219.0,119.0,249.0,47.791164658634536,87.95180722891565,10.826086956521738,44.97991967871486,55.020080321285135
2020-01-01,Management,Government,West Bengal,8.0,0.0,0.0,370.0,81.0,133.0,24.0,166.0,117.0,214.0,54.67289719626168,77.57009345794393,8.916666666666666,37.850467289719624,62.149532710280376
2021-01-01,Management,Government,West Bengal,7.0,0.0,0.0,450.0,100.0,147.0,24.0,165.0,61.0,247.0,24.696356275303643,66.80161943319838,10.291666666666666,40.48582995951417,59.51417004048582
2013-01-01,Engineering,All,West Bengal,81.0,1.0,0.0,11663.5,1617.0,6583.5,1577.0,6104.5,3540.0,7559.5,46.82849394801244,80.75269528407964,4.793595434369055,21.390303591507376,87.08909319399432
2014-01-01,Engineering,All,West Bengal,84.0,0.0,0.0,11663.5,1617.0,6583.5,1577.0,6104.5,3540.0,7559.5,46.82849394801244,80.75269528407964,4.793595434369055,21.390303591507376,87.08909319399432
2015-01-01,Engineering,All,West Bengal,88.0,4.0,0.0,11663.5,1617.0,6583.5,1577.0,6104.5,3540.0,7559.5,46.82849394801244,80.75269528407964,4.793595434369055,21.390303591507376,87.08909319399432
2016-01-01,Engineering,All,West Bengal,90.0,3.0,0.0,11663.5,1617.0,6583.5,1577.0,6104.5,3540.0,7559.5,46.82849394801244,80.75269528407964,4.793595434369055,21.390303591507376,87.08909319399432
2017-01-01,Engineering,All,West Bengal,91.0,2.0,0.0,11663.5,1617.0,6583.5,1577.0,6104.5,3540.0,7559.5,46.82849394801244,80.75269528407964,4.793595434369055,21.390303591507376,87.08909319399432
2018-01-01,Engineering,All,West Bengal,91.0,2.0,0.0,11663.5,1617.0,6583.5,1577.0,6104.5,3540.0,7559.5,46.82849394801244,80.75269528407964,4.793595434369055,21.390303591507376,87.08909319399432
2019-01-01,Engineering,All,West Bengal,93.0,4.0,0.0,11663.5,1617.0,6583.5,1577.0,6104.5,3540.0,7559.5,46.82849394801244,80.75269528407964,4.793595434369055,21.390303591507376,87.08909319399432
2020-01-01,Engineering,All,West Bengal,91.0,2.0,0.0,11663.5,1617.0,6583.5,1577.0,6104.5,3540.0,7559.5,46.82849394801244,80.75269528407964,4.793595434369055,21.390303591507376,87.08909319399432
2021-01-01,Engineering,All,West Bengal,92.0,0.0,0.0,11663.5,1617.0,6583.5,1577.0,6104.5,3540.0,7559.5,46.82849394801244,80.75269528407964,4.793595434369055,21.390303591507376,87.08909319399432
2013-01-01,Management,All,West Bengal,64.0,2.0,0.0,6115.0,795.0,1567.0,503.0,2078.0,1461.0,2362.0,61.85436071126165,87.97629127857748,4.6958250497017895,33.65791701947502,66.34208298052498
2014-01-01,Management,All,West Bengal,62.0,0.0,0.0,6265.0,710.0,1386.0,829.0,2044.0,1385.0,2096.0,66.07824427480917,97.51908396946564,2.528347406513872,33.87404580152672,66.12595419847328
2015-01-01,Management,All,West Bengal,59.0,2.0,0.0,6145.0,698.0,1240.0,852.0,1976.0,1460.0,1938.0,75.33539731682146,101.96078431372548,2.2746478873239435,36.01651186790505,63.98348813209495
2016-01-01,Management,All,West Bengal,56.0,0.0,0.0,5635.0,879.0,1527.0,806.0,1897.0,1345.0,2406.0,55.90191188694929,78.84455527847048,2.9851116625310175,36.53366583541147,63.46633416458853
2017-01-01,Management,All,West Bengal,56.0,0.0,0.0,5245.0,913.0,1524.0,741.0,2047.0,1343.0,2437.0,55.10874025441116,83.99671727533853,3.2887989203778676,37.46409519901518,62.535904800984824
2018-01-01,Management,All,West Bengal,55.0,2.0,0.0,5225.0,932.0,1578.0,694.0,2029.0,1432.0,2510.0,57.05179282868526,80.83665338645419,3.61671469740634,37.13147410358566,62.86852589641434
2019-01-01,Management,All,West Bengal,55.0,4.0,0.0,5070.0,1051.0,1733.0,491.0,2231.0,1577.0,2784.0,56.64511494252874,80.13649425287356,5.670061099796334,37.75143678160919,62.24856321839081
2020-01-01,Management,All,West Bengal,53.0,1.0,0.0,4800.0,1101.0,1594.0,547.0,1901.0,1707.0,2695.0,63.33951762523191,70.53803339517624,4.926873857404022,40.85343228200371,59.14656771799629
2021-01-01,Management,All,West Bengal,54.0,1.0,0.0,5000.0,1061.0,1564.0,592.0,2028.0,1506.0,2625.0,57.371428571428574,77.25714285714285,4.434121621621622,40.41904761904762,59.58095238095238
2013-01-01,Pharmacy,All,West Bengal,11.0,0.0,0.0,846.0,247.0,544.0,144.0,463.0,333.0,791.0,42.09860935524652,58.53350189633375,5.493055555555555,31.22629582806574,68.77370417193426
2014-01-01,Pharmacy,All,West Bengal,12.0,0.0,0.0,1146.0,289.0,709.0,195.0,594.0,276.0,998.0,27.655310621242485,59.519038076152306,5.1179487179487175,28.95791583166333,71.04208416833667
2015-01-01,Pharmacy,All,West Bengal,12.0,0.0,0.0,1206.0,385.0,704.0,228.0,571.0,330.0,1089.0,30.303030303030305,52.43342516069789,4.776315789473684,35.35353535353536,64.64646464646465
2016-01-01,Pharmacy,All,West Bengal,13.0,1.0,0.0,1320.0,338.0,738.0,269.0,786.0,420.0,1076.0,39.03345724907063,73.04832713754647,4.0,31.412639405204462,68.58736059479554
2017-01-01,Pharmacy,All,West Bengal,13.0,0.0,0.0,1260.0,323.0,781.0,346.0,917.0,511.0,1104.0,46.28623188405797,83.06159420289855,3.1907514450867054,29.257246376811597,70.7427536231884
2018-01-01,Pharmacy,All,West Bengal,16.0,3.0,0.0,1480.0,263.0,890.0,309.0,1003.0,593.0,1153.0,51.431049436253254,86.99045967042498,3.7313915857605178,22.810060711188203,77.18993928881179
2019-01-01,Pharmacy,All,West Bengal,17.0,3.0,0.0,1480.0,294.0,885.0,353.0,773.0,474.0,1179.0,40.20356234096692,65.56403731976252,3.3399433427762037,24.93638676844784,75.06361323155217
2020-01-01,Pharmacy,All,West Bengal,24.0,4.0,0.0,1970.0,337.0,1098.0,484.0,796.0,451.0,1435.0,31.428571428571427,55.47038327526133,2.9648760330578514,23.48432055749129,76.51567944250871
2021-01-01,Pharmacy,All,West Bengal,29.0,3.0,0.0,2320.0,277.0,985.0,596.0,1067.0,500.0,1262.0,39.61965134706815,84.54833597464342,2.11744966442953,21.949286846275754,78.05071315372425
